A1,A2,A3,A4,A5,A6,A7,A8,B1,B2,B3,B4,B5,B6,B7,B8,C1,C2,C3,C4,C5,C6,C7,C8,D1,D2,D3,D4,D5,D6,D7,D8,E1,E2,E3,E4,E5,E6,E7,E8,F1,F2,F3,F4,F5,F6,F7,F8
,,,,,,,,,,,,,,,,11858.939453125,,,,,,,,14370.171875,,,,,,,,1904.1861572265625,,,,,,,,,,,,,,,
,,,,,,,,,,,,,,,,12015.52734375,,,,,,,,14523.134765625,,,,,,,,1939.01904296875,,,,,,,,,,,,,,,
,,,,,,,,,,,,,,,,11983.8251953125,,,,,,,,14444.234375,,,,,,,,1888.1612548828125,,,,,,,,,,,,,,,
,,,,,,,,,,,,,,,,11880.6220703125,,,,,,,,14319.7001953125,,,,,,,,1701.4595947265625,,,,,,,,,,,,,,,
,,,,,,,,,,,,,,,,11876.2177734375,,,,,,,,14211.9931640625,,,,,,,,1651.39990234375,,,,,,,,,,,,,,,
,,,,,,,,,,,,,,,,11796.5390625,,,,,,,,14127.2646484375,,,,,,,,1501.3631591796875,,,,,,,,,,,,,,,
,,,,,,,,,,,,,,,,11782.861328125,,,,,,,,13991.55078125,,,,,,,,1483.5372314453125,,,,,,,,,,,,,,,
,,,,,,,,,,,,,,,,11758.6484375,,,,,,,,13970.8935546875,,,,,,,,1372.249755859375,,,,,,,,,,,,,,,
,,,,,,,,,,,,,,,,11754.3330078125,,,,,,,,13897.572265625,,,,,,,,1351.2777099609375,,,,,,,,,,,,,,,
,,,,,,,,,,,,,,,,11795.001953125,,,,,,,,13885.5498046875,,,,,,,,1250.022705078125,,,,,,,,,,,,,,,
,,,,,,,,,,,,,,,,11704.2197265625,,,,,,,,13822.8154296875,,,,,,,,1273.5848388671875,,,,,,,,,,,,,,,
,,,,,,,,,,,,,,,,11795.0546875,,,,,,,,13891.619140625,,,,,,,,1189.763916015625,,,,,,,,,,,,,,,
,,,,,,,,,,,,,,,,11757.86328125,,,,,,,,13747.404296875,,,,,,,,1189.027099609375,,,,,,,,,,,,,,,
,,,,,,,,,,,,,,,,11774.6767578125,,,,,,,,13813.91796875,,,,,,,,1153.6240234375,,,,,,,,,,,,,,,
,,,,,,,,,,,,,,,,11777.224609375,,,,,,,,13769.2275390625,,,,,,,,1170.3741455078125,,,,,,,,,,,,,,,
,,,,,,,,,,,,,,,,11824.9150390625,,,,,,,,13769.234375,,,,,,,,1127.2987060546875,,,,,,,,,,,,,,,
,,,,,,,,,,,,,,,,11804.171875,,,,,,,,13724.708984375,,,,,,,,1100.86376953125,,,,,,,,,,,,,,,
,,,,,,,,,,,,,,,,11800.11328125,,,,,,,,13754.130859375,,,,,,,,1130.7921142578125,,,,,,,,,,,,,,,
,,,,,,,,,,,,,,,,11833.6162109375,,,,,,,,13710.302734375,,,,,,,,1103.461181640625,,,,,,,,,,,,,,,
,,,,,,,,,,,,,,,,11851.9189453125,,,,,,,,13689.4482421875,,,,,,,,1087.6513671875,,,,,,,,,,,,,,,
,,,,,,,,,,,,,,,,11838.2060546875,,,,,,,,13659,,,,,,,,1082.322265625,,,,,,,,,,,,,,,
,,,,,,,,,,,,,,,,11869.4609375,,,,,,,,13748.6796875,,,,,,,,1091.17333984375,,,,,,,,,,,,,,,
,,,,,,,,,,,,,,,,11904.87890625,,,,,,,,13620.474609375,,,,,,,,1092.675048828125,,,,,,,,,,,,,,,
,,,,,,,,,,,,,,,,11939.572265625,,,,,,,,13743.2109375,,,,,,,,1077.5565185546875,,,,,,,,,,,,,,,
,,,,,,,,,,,,,,,,11940.6220703125,,,,,,,,13676.56640625,,,,,,,,1079.4693603515625,,,,,,,,,,,,,,,
,,,,,,,,,,,,,,,,12031.837890625,,,,,,,,13726.7109375,,,,,,,,1057.4058837890625,,,,,,,,,,,,,,,
,,,,,,,,,,,,,,,,11988.63671875,,,,,,,,13693.4208984375,,,,,,,,1087.9970703125,,,,,,,,,,,,,,,
,,,,,,,,,,,,,,,,12128.1103515625,,,,,,,,13688.998046875,,,,,,,,1063.814453125,,,,,,,,,,,,,,,
,,,,,,,,,,,,,,,,12147.7197265625,,,,,,,,13603.4443359375,,,,,,,,1092.6015625,,,,,,,,,,,,,,,
,,,,,,,,,,,,,,,,12171.298828125,,,,,,,,13700.15234375,,,,,,,,1057.905517578125,,,,,,,,,,,,,,,
,,,,,,,,,,,,,,,,12194.7060546875,,,,,,,,13701.896484375,,,,,,,,1083.09033203125,,,,,,,,,,,,,,,
,,,,,,,,,,,,,,,,12240.4013671875,,,,,,,,13721.99609375,,,,,,,,1041.831298828125,,,,,,,,,,,,,,,
,,,,,,,,,,,,,,,,12227.75,,,,,,,,13683.150390625,,,,,,,,1081.650146484375,,,,,,,,,,,,,,,
,,,,,,,,,,,,,,,,12326.5888671875,,,,,,,,13700.1953125,,,,,,,,1072.3363037109375,,,,,,,,,,,,,,,
,,,,,,,,,,,,,,,,12300.1416015625,,,,,,,,13652.158203125,,,,,,,,1083.7967529296875,,,,,,,,,,,,,,,
,,,,,,,,,,,,,,,,12387.240234375,,,,,,,,13700.490234375,,,,,,,,1061.3502197265625,,,,,,,,,,,,,,,
,,,,,,,,,,,,,,,,12384.458984375,,,,,,,,13651.353515625,,,,,,,,1102.92431640625,,,,,,,,,,,,,,,
,,,,,,,,,,,,,,,,12412.75390625,,,,,,,,13770.10546875,,,,,,,,1114.3421630859375,,,,,,,,,,,,,,,
,,,,,,,,,,,,,,,,12489.3291015625,,,,,,,,13723.91015625,,,,,,,,1079.296875,,,,,,,,,,,,,,,
,,,,,,,,,,,,,,,,12581.3017578125,,,,,,,,13604.1533203125,,,,,,,,1106.9764404296875,,,,,,,,,,,,,,,
,,,,,,,,,,,,,,,,12580.9931640625,,,,,,,,13706.77734375,,,,,,,,1061.73583984375,,,,,,,,,,,,,,,
,,,,,,,,,,,,,,,,12586.7919921875,,,,,,,,13756.484375,,,,,,,,1091.389892578125,,,,,,,,,,,,,,,
,,,,,,,,,,,,,,,,12576.046875,,,,,,,,13763.4736328125,,,,,,,,1104.2412109375,,,,,,,,,,,,,,,
,,,,,,,,,,,,,,,,12611.755859375,,,,,,,,13782.3681640625,,,,,,,,1129.53125,,,,,,,,,,,,,,,
,,,,,,,,,,,,,,,,12703.89453125,,,,,,,,13774.611328125,,,,,,,,1126.6689453125,,,,,,,,,,,,,,,
,,,,,,,,,,,,,,,,12697.1181640625,,,,,,,,13808.412109375,,,,,,,,1174.2354736328125,,,,,,,,,,,,,,,
,,,,,,,,,,,,,,,,12752.765625,,,,,,,,13734.1875,,,,,,,,1134.6446533203125,,,,,,,,,,,,,,,
,,,,,,,,,,,,,,,,12841.8046875,,,,,,,,13819.525390625,,,,,,,,1143.5179443359375,,,,,,,,,,,,,,,
,,,,,,,,,,,,,,,,12805.90625,,,,,,,,13775.4931640625,,,,,,,,1174.0291748046875,,,,,,,,,,,,,,,
,,,,,,,,,,,,,,,,12975.517578125,,,,,,,,13832.22265625,,,,,,,,1118.4010009765625,,,,,,,,,,,,,,,
,,,,,,,,,,,,,,,,12887.9541015625,,,,,,,,13761.4599609375,,,,,,,,1183.43017578125,,,,,,,,,,,,,,,
,,,,,,,,,,,,,,,,13009.71484375,,,,,,,,13849.095703125,,,,,,,,1149.205078125,,,,,,,,,,,,,,,
,,,,,,,,,,,,,,,,12956.3134765625,,,,,,,,13746.7919921875,,,,,,,,1179.744384765625,,,,,,,,,,,,,,,
,,,,,,,,,,,,,,,,13035.7607421875,,,,,,,,13864.021484375,,,,,,,,1176.9163818359375,,,,,,,,,,,,,,,
,,,,,,,,,,,,,,,,13056.5546875,,,,,,,,13794.71875,,,,,,,,1214.2435302734375,,,,,,,,,,,,,,,
,,,,,,,,,,,,,,,,13168.494140625,,,,,,,,13946.7890625,,,,,,,,1187.0162353515625,,,,,,,,,,,,,,,
,,,,,,,,,,,,,,,,13187.3994140625,,,,,,,,13787.99609375,,,,,,,,1182.1929931640625,,,,,,,,,,,,,,,
,,,,,,,,,,,,,,,,13190.8291015625,,,,,,,,13923.4580078125,,,,,,,,1163.94482421875,,,,,,,,,,,,,,,
,,,,,,,,,,,,,,,,13182.212890625,,,,,,,,13808.2890625,,,,,,,,1251.660400390625,,,,,,,,,,,,,,,
,,,,,,,,,,,,,,,,13207.921875,,,,,,,,13874.5517578125,,,,,,,,1216.2325439453125,,,,,,,,,,,,,,,
,,,,,,,,,,,,,,,,13242.8037109375,,,,,,,,13901.087890625,,,,,,,,1221.2044677734375,,,,,,,,,,,,,,,
,,,,,,,,,,,,,,,,13321.9658203125,,,,,,,,13895.1328125,,,,,,,,1235.875732421875,,,,,,,,,,,,,,,
,,,,,,,,,,,,,,,,13255.7109375,,,,,,,,13930.896484375,,,,,,,,1221.757080078125,,,,,,,,,,,,,,,
,,,,,,,,,,,,,,,,13338.2119140625,,,,,,,,13941.6005859375,,,,,,,,1244.1190185546875,,,,,,,,,,,,,,,
,,,,,,,,,,,,,,,,13333.01171875,,,,,,,,13869.30859375,,,,,,,,1246.145751953125,,,,,,,,,,,,,,,
,,,,,,,,,,,,,,,,13404.3291015625,,,,,,,,13997.0751953125,,,,,,,,1218.2774658203125,,,,,,,,,,,,,,,
,,,,,,,,,,,,,,,,13354.31640625,,,,,,,,13905.65234375,,,,,,,,1269.045166015625,,,,,,,,,,,,,,,
,,,,,,,,,,,,,,,,13438.3193359375,,,,,,,,14033.3671875,,,,,,,,1282.813232421875,,,,,,,,,,,,,,,
,,,,,,,,,,,,,,,,13407.015625,,,,,,,,13896.9990234375,,,,,,,,1293.74951171875,,,,,,,,,,,,,,,
,,,,,,,,,,,,,,,,13460.6513671875,,,,,,,,14000.0029296875,,,,,,,,1282.6463623046875,,,,,,,,,,,,,,,
,,,,,,,,,,,,,,,,13421.0048828125,,,,,,,,13847.4521484375,,,,,,,,1289.8140869140625,,,,,,,,,,,,,,,
,,,,,,,,,,,,,,,,13439.76953125,,,,,,,,13980.9951171875,,,,,,,,1311.32568359375,,,,,,,,,,,,,,,
,,,,,,,,,,,,,,,,13454.11328125,,,,,,,,13911.7998046875,,,,,,,,1306.166015625,,,,,,,,,,,,,,,
,,,,,,,,,,,,,,,,13479.9521484375,,,,,,,,13914.173828125,,,,,,,,1319.693115234375,,,,,,,,,,,,,,,
,,,,,,,,,,,,,,,,13450.388671875,,,,,,,,13936.3896484375,,,,,,,,1333.38037109375,,,,,,,,,,,,,,,
,,,,,,,,,,,,,,,,13559.544921875,,,,,,,,14013.357421875,,,,,,,,1304.3502197265625,,,,,,,,,,,,,,,
,,,,,,,,,,,,,,,,13566.724609375,,,,,,,,14003.580078125,,,,,,,,1308.27001953125,,,,,,,,,,,,,,,
,,,,,,,,,,,,,,,,13543.36328125,,,,,,,,13999.7158203125,,,,,,,,1354.802734375,,,,,,,,,,,,,,,
,,,,,,,,,,,,,,,,13491.302734375,,,,,,,,13994.0068359375,,,,,,,,1404.08154296875,,,,,,,,,,,,,,,
,,,,,,,,,,,,,,,,13628.8984375,,,,,,,,14015.306640625,,,,,,,,1344.8167724609375,,,,,,,,,,,,,,,
,,,,,,,,,,,,,,,,13489.3291015625,,,,,,,,13966.8447265625,,,,,,,,1423.90625,,,,,,,,,,,,,,,
,,,,,,,,,,,,,,,,13517.646484375,,,,,,,,14060.041015625,,,,,,,,1400.488525390625,,,,,,,,,,,,,,,
,,,,,,,,,,,,,,,,13546.58203125,,,,,,,,13923.078125,,,,,,,,1408.7969970703125,,,,,,,,,,,,,,,
,,,,,,,,,,,,,,,,13597.0166015625,,,,,,,,14088.4345703125,,,,,,,,1413.94140625,,,,,,,,,,,,,,,
,,,,,,,,,,,,,,,,13592.11328125,,,,,,,,13977.5810546875,,,,,,,,1398.3570556640625,,,,,,,,,,,,,,,
,,,,,,,,,,,,,,,,13517.2646484375,,,,,,,,14009.2431640625,,,,,,,,1421.3834228515625,,,,,,,,,,,,,,,
,,,,,,,,,,,,,,,,13661.3671875,,,,,,,,13944.7099609375,,,,,,,,1438.8267822265625,,,,,,,,,,,,,,,
,,,,,,,,,,,,,,,,13675.794921875,,,,,,,,13899.955078125,,,,,,,,1494.29541015625,,,,,,,,,,,,,,,
,,,,,,,,,,,,,,,,13567.4931640625,,,,,,,,13946.8720703125,,,,,,,,1448.8748779296875,,,,,,,,,,,,,,,
,,,,,,,,,,,,,,,,13676.8310546875,,,,,,,,14060.1865234375,,,,,,,,1461.726806640625,,,,,,,,,,,,,,,
,,,,,,,,,,,,,,,,13647.01953125,,,,,,,,13856.404296875,,,,,,,,1473.3450927734375,,,,,,,,,,,,,,,
,,,,,,,,,,,,,,,,13683.224609375,,,,,,,,13991.9873046875,,,,,,,,1463.86083984375,,,,,,,,,,,,,,,
,,,,,,,,,,,,,,,,13651.98828125,,,,,,,,13852.248046875,,,,,,,,1495.3775634765625,,,,,,,,,,,,,,,
,,,,,,,,,,,,,,,,13563.4677734375,,,,,,,,14028.3095703125,,,,,,,,1489.3701171875,,,,,,,,,,,,,,,
,,,,,,,,,,,,,,,,13538.251953125,,,,,,,,14004.017578125,,,,,,,,1472.811279296875,,,,,,,,,,,,,,,
,,,,,,,,,,,,,,,,13599.94921875,,,,,,,,14024.947265625,,,,,,,,1519.5206298828125,,,,,,,,,,,,,,,
,,,,,,,,,,,,,,,,13613.482421875,,,,,,,,13941.8671875,,,,,,,,1514.2222900390625,,,,,,,,,,,,,,,
,,,,,,,,,,,,,,,,13705.236328125,,,,,,,,14003.7734375,,,,,,,,1502.172119140625,,,,,,,,,,,,,,,
,,,,,,,,,,,,,,,,13624.224609375,,,,,,,,13957.1728515625,,,,,,,,1513.5682373046875,,,,,,,,,,,,,,,
,,,,,,,,,,,,,,,,13586.8359375,,,,,,,,14152.0234375,,,,,,,,1518.35205078125,,,,,,,,,,,,,,,
,,,,,,,,,,,,,,,,13576.79296875,,,,,,,,14106.18359375,,,,,,,,1522.0216064453125,,,,,,,,,,,,,,,
,,,,,,,,,,,,,,,,13698.07421875,,,,,,,,14085.091796875,,,,,,,,1545.2205810546875,,,,,,,,,,,,,,,
,,,,,,,,,,,,,,,,13569.9140625,,,,,,,,14074.439453125,,,,,,,,1531.0618896484375,,,,,,,,,,,,,,,
,,,,,,,,,,,,,,,,13715.9189453125,,,,,,,,14135.4765625,,,,,,,,1569.7923583984375,,,,,,,,,,,,,,,
,,,,,,,,,,,,,,,,13685.642578125,,,,,,,,14117.69921875,,,,,,,,1545.408203125,,,,,,,,,,,,,,,
,,,,,,,,,,,,,,,,13848.505859375,,,,,,,,14211.072265625,,,,,,,,1568.428466796875,,,,,,,,,,,,,,,
,,,,,,,,,,,,,,,,13814.4169921875,,,,,,,,14172.125,,,,,,,,1580.5711669921875,,,,,,,,,,,,,,,
,,,,,,,,,,,,,,,,13742.58203125,,,,,,,,14188.73046875,,,,,,,,1568.373291015625,,,,,,,,,,,,,,,
,,,,,,,,,,,,,,,,13734.06640625,,,,,,,,14132.7802734375,,,,,,,,1594.03662109375,,,,,,,,,,,,,,,
,,,,,,,,,,,,,,,,13726.2666015625,,,,,,,,14221.46875,,,,,,,,1584.6456298828125,,,,,,,,,,,,,,,
,,,,,,,,,,,,,,,,13726.40625,,,,,,,,14156.30078125,,,,,,,,1590.7147216796875,,,,,,,,,,,,,,,
,,,,,,,,,,,,,,,,13774.255859375,,,,,,,,14241.8515625,,,,,,,,1579.6151123046875,,,,,,,,,,,,,,,
,,,,,,,,,,,,,,,,13725.7548828125,,,,,,,,14117.1416015625,,,,,,,,1620.464599609375,,,,,,,,,,,,,,,
,,,,,,,,,,,,,,,,13778.873046875,,,,,,,,14234.84765625,,,,,,,,1607.776123046875,,,,,,,,,,,,,,,
,,,,,,,,,,,,,,,,13763.94921875,,,,,,,,14121.24609375,,,,,,,,1635.422119140625,,,,,,,,,,,,,,,
,,,,,,,,,,,,,,,,13793.8779296875,,,,,,,,14242.052734375,,,,,,,,1644.697021484375,,,,,,,,,,,,,,,
,,,,,,,,,,,,,,,,13781.7529296875,,,,,,,,14188.896484375,,,,,,,,1644.4560546875,,,,,,,,,,,,,,,
,,,,,,,,,,,,,,,,13854.0029296875,,,,,,,,14333.673828125,,,,,,,,1639.426025390625,,,,,,,,,,,,,,,
,,,,,,,,,,,,,,,,13814.22265625,,,,,,,,14177.978515625,,,,,,,,1669.169189453125,,,,,,,,,,,,,,,
,,,,,,,,,,,,,,,,13843.9423828125,,,,,,,,14306.578125,,,,,,,,1648.472412109375,,,,,,,,,,,,,,,
,,,,,,,,,,,,,,,,13777.3828125,,,,,,,,14225.65625,,,,,,,,1668.229248046875,,,,,,,,,,,,,,,
,,,,,,,,,,,,,,,,13817.490234375,,,,,,,,14307.775390625,,,,,,,,1655.4296875,,,,,,,,,,,,,,,
,,,,,,,,,,,,,,,,13819.291015625,,,,,,,,14248.904296875,,,,,,,,1663.5748291015625,,,,,,,,,,,,,,,
,,,,,,,,,,,,,,,,13841.32421875,,,,,,,,14305.5673828125,,,,,,,,1667.571533203125,,,,,,,,,,,,,,,
,,,,,,,,,,,,,,,,13842.06640625,,,,,,,,14211.4296875,,,,,,,,1704.673828125,,,,,,,,,,,,,,,
,,,,,,,,,,,,,,,,13851.796875,,,,,,,,14272.42578125,,,,,,,,1706.2435302734375,,,,,,,,,,,,,,,
,,,,,,,,,,,,,,,,13848.703125,,,,,,,,14257.1025390625,,,,,,,,1687.736083984375,,,,,,,,,,,,,,,
,,,,,,,,,,,,,,,,13895.3203125,,,,,,,,14308.958984375,,,,,,,,1708.6871337890625,,,,,,,,,,,,,,,
,,,,,,,,,,,,,,,,13881.5498046875,,,,,,,,14270.00390625,,,,,,,,1720.298583984375,,,,,,,,,,,,,,,
,,,,,,,,,,,,,,,,13922.9111328125,,,,,,,,14337.37109375,,,,,,,,1732.459228515625,,,,,,,,,,,,,,,
,,,,,,,,,,,,,,,,13883.2373046875,,,,,,,,14308.623046875,,,,,,,,1764.54638671875,,,,,,,,,,,,,,,
,,,,,,,,,,,,,,,,13911.95703125,,,,,,,,14329.94140625,,,,,,,,1748.462890625,,,,,,,,,,,,,,,
,,,,,,,,,,,,,,,,13909.2880859375,,,,,,,,14269.7197265625,,,,,,,,1749.20849609375,,,,,,,,,,,,,,,
,,,,,,,,,,,,,,,,13951.84765625,,,,,,,,14310.875,,,,,,,,1744.77392578125,,,,,,,,,,,,,,,
,,,,,,,,,,,,,,,,13936.802734375,,,,,,,,14275.9599609375,,,,,,,,1757.0982666015625,,,,,,,,,,,,,,,
,,,,,,,,,,,,,,,,13885.205078125,,,,,,,,14306.5390625,,,,,,,,1755.8643798828125,,,,,,,,,,,,,,,
,,,,,,,,,,,,,,,,13921.8466796875,,,,,,,,14280.7822265625,,,,,,,,1776.45654296875,,,,,,,,,,,,,,,
,,,,,,,,,,,,,,,,13959.263671875,,,,,,,,14320.82421875,,,,,,,,1790.3670654296875,,,,,,,,,,,,,,,
,,,,,,,,,,,,,,,,13934.1103515625,,,,,,,,14282.1513671875,,,,,,,,1795.964599609375,,,,,,,,,,,,,,,
,,,,,,,,,,,,,,,,13944.861328125,,,,,,,,14355.2861328125,,,,,,,,1788.312744140625,,,,,,,,,,,,,,,
,,,,,,,,,,,,,,,,13888.1533203125,,,,,,,,14290.056640625,,,,,,,,1806.89794921875,,,,,,,,,,,,,,,
,,,,,,,,,,,,,,,,13970.728515625,,,,,,,,14351.09375,,,,,,,,1796.310302734375,,,,,,,,,,,,,,,
,,,,,,,,,,,,,,,,13968.3251953125,,,,,,,,14249.451171875,,,,,,,,1831.0892333984375,,,,,,,,,,,,,,,
,,,,,,,,,,,,,,,,13994.796875,,,,,,,,14321.90625,,,,,,,,1808.5697021484375,,,,,,,,,,,,,,,
,,,,,,,,,,,,,,,,13950.42578125,,,,,,,,14281.4921875,,,,,,,,1827.8170166015625,,,,,,,,,,,,,,,
,,,,,,,,,,,,,,,,13970.4072265625,,,,,,,,14362.47265625,,,,,,,,1798.1416015625,,,,,,,,,,,,,,,
,,,,,,,,,,,,,,,,13928.1396484375,,,,,,,,14257.40234375,,,,,,,,1849.853515625,,,,,,,,,,,,,,,
,,,,,,,,,,,,,,,,13953.5927734375,,,,,,,,14396.494140625,,,,,,,,1820.0574951171875,,,,,,,,,,,,,,,
,,,,,,,,,,,,,,,,13956.5,,,,,,,,14323.5322265625,,,,,,,,1856.876220703125,,,,,,,,,,,,,,,
,,,,,,,,,,,,,,,,13983.251953125,,,,,,,,14394.865234375,,,,,,,,1825.6497802734375,,,,,,,,,,,,,,,
,,,,,,,,,,,,,,,,13982.783203125,,,,,,,,14336.8525390625,,,,,,,,1852.83349609375,,,,,,,,,,,,,,,
,,,,,,,,,,,,,,,,13979.396484375,,,,,,,,14425.2255859375,,,,,,,,1855.161865234375,,,,,,,,,,,,,,,
,,,,,,,,,,,,,,,,14019.494140625,,,,,,,,14348.6318359375,,,,,,,,1859.1953125,,,,,,,,,,,,,,,
,,,,,,,,,,,,,,,,14009.5263671875,,,,,,,,14372.78515625,,,,,,,,1880.56591796875,,,,,,,,,,,,,,,
,,,,,,,,,,,,,,,,13973.275390625,,,,,,,,14370.681640625,,,,,,,,1893.805908203125,,,,,,,,,,,,,,,
,,,,,,,,,,,,,,,,13994.18359375,,,,,,,,14462,,,,,,,,1885.774169921875,,,,,,,,,,,,,,,
,,,,,,,,,,,,,,,,13976.794921875,,,,,,,,14372.51171875,,,,,,,,1914.1270751953125,,,,,,,,,,,,,,,
,,,,,,,,,,,,,,,,14022.4794921875,,,,,,,,14402.732421875,,,,,,,,1915.548583984375,,,,,,,,,,,,,,,
,,,,,,,,,,,,,,,,14038.51953125,,,,,,,,14436.6923828125,,,,,,,,1907.253173828125,,,,,,,,,,,,,,,
,,,,,,,,,,,,,,,,14011.1796875,,,,,,,,14537.55078125,,,,,,,,1921.2823486328125,,,,,,,,,,,,,,,
,,,,,,,,,,,,,,,,14036.05859375,,,,,,,,14509.0458984375,,,,,,,,1903.859619140625,,,,,,,,,,,,,,,
,,,,,,,,,,,,,,,,14052.4765625,,,,,,,,14532.658203125,,,,,,,,1924.8509521484375,,,,,,,,,,,,,,,
,,,,,,,,,,,,,,,,14031.50390625,,,,,,,,14515.072265625,,,,,,,,1927.272216796875,,,,,,,,,,,,,,,
,,,,,,,,,,,,,,,,14069.57421875,,,,,,,,14587.728515625,,,,,,,,1926.3839111328125,,,,,,,,,,,,,,,
,,,,,,,,,,,,,,,,14059.1806640625,,,,,,,,14494.4892578125,,,,,,,,1950.899169921875,,,,,,,,,,,,,,,
,,,,,,,,,,,,,,,,14077.9755859375,,,,,,,,14574.072265625,,,,,,,,1931.2750244140625,,,,,,,,,,,,,,,
,,,,,,,,,,,,,,,,14061.6513671875,,,,,,,,14524.7451171875,,,,,,,,1925.58154296875,,,,,,,,,,,,,,,
,,,,,,,,,,,,,,,,14115.529296875,,,,,,,,14576.92578125,,,,,,,,1944.32177734375,,,,,,,,,,,,,,,
,,,,,,,,,,,,,,,,14070.6484375,,,,,,,,14556.501953125,,,,,,,,1971.001708984375,,,,,,,,,,,,,,,
,,,,,,,,,,,,,,,,14092.416015625,,,,,,,,14610.6591796875,,,,,,,,1956.0106201171875,,,,,,,,,,,,,,,
,,,,,,,,,,,,,,,,14073.134765625,,,,,,,,14577.16015625,,,,,,,,1989.830322265625,,,,,,,,,,,,,,,
,,,,,,,,,,,,,,,,14091.6884765625,,,,,,,,14596.068359375,,,,,,,,1968.476318359375,,,,,,,,,,,,,,,
,,,,,,,,,,,,,,,,14089.9296875,,,,,,,,14565.1953125,,,,,,,,1978.5301513671875,,,,,,,,,,,,,,,
,,,,,,,,,,,,,,,,14129.736328125,,,,,,,,14573.240234375,,,,,,,,1963.6805419921875,,,,,,,,,,,,,,,
,,,,,,,,,,,,,,,,14130.767578125,,,,,,,,14519.76953125,,,,,,,,1993.91455078125,,,,,,,,,,,,,,,
,,,,,,,,,,,,,,,,14154.5859375,,,,,,,,14578.1279296875,,,,,,,,1984.9671630859375,,,,,,,,,,,,,,,
,,,,,,,,,,,,,,,,14132.4697265625,,,,,,,,14511.6767578125,,,,,,,,2011.3642578125,,,,,,,,,,,,,,,
,,,,,,,,,,,,,,,,14134.7578125,,,,,,,,14596.1552734375,,,,,,,,1978.3824462890625,,,,,,,,,,,,,,,
,,,,,,,,,,,,,,,,14134.591796875,,,,,,,,14579.4580078125,,,,,,,,2008.2919921875,,,,,,,,,,,,,,,
,,,,,,,,,,,,,,,,14132.1826171875,,,,,,,,14642.873046875,,,,,,,,1997.8826904296875,,,,,,,,,,,,,,,
,,,,,,,,,,,,,,,,14124.556640625,,,,,,,,14548.4609375,,,,,,,,2018.1707763671875,,,,,,,,,,,,,,,
,,,,,,,,,,,,,,,,14173.0009765625,,,,,,,,14643.31640625,,,,,,,,2013.7481689453125,,,,,,,,,,,,,,,
,,,,,,,,,,,,,,,,14132.509765625,,,,,,,,14574.791015625,,,,,,,,1996.520751953125,,,,,,,,,,,,,,,
,,,,,,,,,,,,,,,,14191.9287109375,,,,,,,,14591.93359375,,,,,,,,2026.35009765625,,,,,,,,,,,,,,,
,,,,,,,,,,,,,,,,14166.654296875,,,,,,,,14556.4365234375,,,,,,,,2034.6341552734375,,,,,,,,,,,,,,,
,,,,,,,,,,,,,,,,14218.671875,,,,,,,,14606.46875,,,,,,,,2041.4505615234375,,,,,,,,,,,,,,,
,,,,,,,,,,,,,,,,14182.1904296875,,,,,,,,14599.1591796875,,,,,,,,2071.94873046875,,,,,,,,,,,,,,,
,,,,,,,,,,,,,,,,14174.392578125,,,,,,,,14596.0126953125,,,,,,,,2076.572021484375,,,,,,,,,,,,,,,
,,,,,,,,,,,,,,,,14183.57421875,,,,,,,,14553.0546875,,,,,,,,2081.799560546875,,,,,,,,,,,,,,,
,,,,,,,,,,,,,,,,14197.193359375,,,,,,,,14643.271484375,,,,,,,,2060.9482421875,,,,,,,,,,,,,,,
,,,,,,,,,,,,,,,,14193.1875,,,,,,,,14555.09765625,,,,,,,,2086.958984375,,,,,,,,,,,,,,,
,,,,,,,,,,,,,,,,14229.830078125,,,,,,,,14652.8193359375,,,,,,,,2080.9609375,,,,,,,,,,,,,,,
,,,,,,,,,,,,,,,,14224.509765625,,,,,,,,14604.5341796875,,,,,,,,2101.9853515625,,,,,,,,,,,,,,,
,,,,,,,,,,,,,,,,14249.845703125,,,,,,,,14677.453125,,,,,,,,2079.267822265625,,,,,,,,,,,,,,,
,,,,,,,,,,,,,,,,14258.4287109375,,,,,,,,14674.58984375,,,,,,,,2122.55615234375,,,,,,,,,,,,,,,
,,,,,,,,,,,,,,,,14288.0302734375,,,,,,,,14674.9755859375,,,,,,,,2102.941650390625,,,,,,,,,,,,,,,
,,,,,,,,,,,,,,,,14229.7490234375,,,,,,,,14603.34375,,,,,,,,2127.286865234375,,,,,,,,,,,,,,,
,,,,,,,,,,,,,,,,14265.1591796875,,,,,,,,14668.8818359375,,,,,,,,2125.335693359375,,,,,,,,,,,,,,,
,,,,,,,,,,,,,,,,14228.900390625,,,,,,,,14638.17578125,,,,,,,,2128.324462890625,,,,,,,,,,,,,,,
,,,,,,,,,,,,,,,,14254.373046875,,,,,,,,14695.791015625,,,,,,,,2108.48046875,,,,,,,,,,,,,,,
,,,,,,,,,,,,,,,,14237.072265625,,,,,,,,14706.0087890625,,,,,,,,2141.4716796875,,,,,,,,,,,,,,,
,,,,,,,,,,,,,,,,14284.4716796875,,,,,,,,14671.724609375,,,,,,,,2141.089599609375,,,,,,,,,,,,,,,
,,,,,,,,,,,,,,,,14275.23828125,,,,,,,,14673.26171875,,,,,,,,2114.744384765625,,,,,,,,,,,,,,,
,,,,,,,,,,,,,,,,14312.8232421875,,,,,,,,14724.6962890625,,,,,,,,2126.87109375,,,,,,,,,,,,,,,
,,,,,,,,,,,,,,,,14283.478515625,,,,,,,,14642.548828125,,,,,,,,2169.327392578125,,,,,,,,,,,,,,,
,,,,,,,,,,,,,,,,14296.60546875,,,,,,,,14719.4345703125,,,,,,,,2146.810302734375,,,,,,,,,,,,,,,
,,,,,,,,,,,,,,,,14238.943359375,,,,,,,,14659.9140625,,,,,,,,2152.0908203125,,,,,,,,,,,,,,,
,,,,,,,,,,,,,,,,14292.7587890625,,,,,,,,14697.857421875,,,,,,,,2159.190185546875,,,,,,,,,,,,,,,
,,,,,,,,,,,,,,,,14275.580078125,,,,,,,,14689.2646484375,,,,,,,,2169.506591796875,,,,,,,,,,,,,,,
,,,,,,,,,,,,,,,,14310.0830078125,,,,,,,,14728.5859375,,,,,,,,2196.77392578125,,,,,,,,,,,,,,,
,,,,,,,,,,,,,,,,14325.654296875,,,,,,,,14722.990234375,,,,,,,,2154.224853515625,,,,,,,,,,,,,,,
,,,,,,,,,,,,,,,,14305.1884765625,,,,,,,,14740.1044921875,,,,,,,,2153.22265625,,,,,,,,,,,,,,,
,,,,,,,,,,,,,,,,14322.91015625,,,,,,,,14730.5712890625,,,,,,,,2160.013671875,,,,,,,,,,,,,,,
,,,,,,,,,,,,,,,,14329.62890625,,,,,,,,14737.40234375,,,,,,,,2191.00634765625,,,,,,,,,,,,,,,
,,,,,,,,,,,,,,,,14330.4921875,,,,,,,,14729.796875,,,,,,,,2172.250732421875,,,,,,,,,,,,,,,
,,,,,,,,,,,,,,,,14351.431640625,,,,,,,,14699.7568359375,,,,,,,,2172.707763671875,,,,,,,,,,,,,,,
,,,,,,,,,,,,,,,,14307.068359375,,,,,,,,14698.234375,,,,,,,,2186.880126953125,,,,,,,,,,,,,,,
,,,,,,,,,,,,,,,,14343.326171875,,,,,,,,14736.1201171875,,,,,,,,2175.2802734375,,,,,,,,,,,,,,,
,,,,,,,,,,,,,,,,14343.25,,,,,,,,14650.888671875,,,,,,,,2185.377685546875,,,,,,,,,,,,,,,
,,,,,,,,,,,,,,,,14352.3603515625,,,,,,,,14716.216796875,,,,,,,,2176.67138671875,,,,,,,,,,,,,,,
,,,,,,,,,,,,,,,,14328.0654296875,,,,,,,,14678.8505859375,,,,,,,,2189.599853515625,,,,,,,,,,,,,,,
,,,,,,,,,,,,,,,,14387.1396484375,,,,,,,,14749.4794921875,,,,,,,,2193.613037109375,,,,,,,,,,,,,,,
,,,,,,,,,,,,,,,,14365.3134765625,,,,,,,,14680.958984375,,,,,,,,2222.11572265625,,,,,,,,,,,,,,,
,,,,,,,,,,,,,,,,14365.3837890625,,,,,,,,14740.091796875,,,,,,,,2215.500244140625,,,,,,,,,,,,,,,
,,,,,,,,,,,,,,,,14344.388671875,,,,,,,,14673.140625,,,,,,,,2221.74609375,,,,,,,,,,,,,,,
,,,,,,,,,,,,,,,,14369.0205078125,,,,,,,,14722.1298828125,,,,,,,,2188.68115234375,,,,,,,,,,,,,,,
,,,,,,,,,,,,,,,,14362.35546875,,,,,,,,14711.951171875,,,,,,,,2235.1064453125,,,,,,,,,,,,,,,
,,,,,,,,,,,,,,,,14397.8037109375,,,,,,,,14769.9072265625,,,,,,,,2227.87109375,,,,,,,,,,,,,,,
,,,,,,,,,,,,,,,,14360.58203125,,,,,,,,14720.0595703125,,,,,,,,2264.75732421875,,,,,,,,,,,,,,,
,,,,,,,,,,,,,,,,14397.1298828125,,,,,,,,14780.20703125,,,,,,,,2246.3271484375,,,,,,,,,,,,,,,
,,,,,,,,,,,,,,,,14365.4521484375,,,,,,,,14717.4052734375,,,,,,,,2254.18212890625,,,,,,,,,,,,,,,
,,,,,,,,,,,,,,,,14395.6396484375,,,,,,,,14793.435546875,,,,,,,,2265.57763671875,,,,,,,,,,,,,,,
,,,,,,,,,,,,,,,,14369.3720703125,,,,,,,,14769.9306640625,,,,,,,,2256.23583984375,,,,,,,,,,,,,,,
,,,,,,,,,,,,,,,,14382.787109375,,,,,,,,14816.7861328125,,,,,,,,2268.3037109375,,,,,,,,,,,,,,,
,,,,,,,,,,,,,,,,14388.490234375,,,,,,,,14728.8779296875,,,,,,,,2305.847412109375,,,,,,,,,,,,,,,
,,,,,,,,,,,,,,,,14408.89453125,,,,,,,,14819.080078125,,,,,,,,2274.778564453125,,,,,,,,,,,,,,,
,,,,,,,,,,,,,,,,14371.482421875,,,,,,,,14791.3037109375,,,,,,,,2282.0478515625,,,,,,,,,,,,,,,
,,,,,,,,,,,,,,,,14364.634765625,,,,,,,,14806.783203125,,,,,,,,2282.91064453125,,,,,,,,,,,,,,,
,,,,,,,,,,,,,,,,14397.814453125,,,,,,,,14794.501953125,,,,,,,,2301.261474609375,,,,,,,,,,,,,,,
,,,,,,,,,,,,,,,,14370.515625,,,,,,,,14805.0498046875,,,,,,,,2320.07421875,,,,,,,,,,,,,,,
,,,,,,,,,,,,,,,,14354.2041015625,,,,,,,,14806.8974609375,,,,,,,,2295.25048828125,,,,,,,,,,,,,,,
,,,,,,,,,,,,,,,,14396.3212890625,,,,,,,,14808.697265625,,,,,,,,2287.703857421875,,,,,,,,,,,,,,,
,,,,,,,,,,,,,,,,14400.115234375,,,,,,,,14791.71484375,,,,,,,,2310.396484375,,,,,,,,,,,,,,,
,,,,,,,,,,,,,,,,14412.859375,,,,,,,,14816.091796875,,,,,,,,2305.970703125,,,,,,,,,,,,,,,
,,,,,,,,,,,,,,,,14402.619140625,,,,,,,,14798.0615234375,,,,,,,,2310.5908203125,,,,,,,,,,,,,,,
,,,,,,,,,,,,,,,,14439.6435546875,,,,,,,,14847.5068359375,,,,,,,,2299.93212890625,,,,,,,,,,,,,,,
,,,,,,,,,,,,,,,,14412.3681640625,,,,,,,,14748.3359375,,,,,,,,2345.13671875,,,,,,,,,,,,,,,
,,,,,,,,,,,,,,,,14418.0498046875,,,,,,,,14843.515625,,,,,,,,2276.256103515625,,,,,,,,,,,,,,,
,,,,,,,,,,,,,,,,14399.3935546875,,,,,,,,14807.1865234375,,,,,,,,2342.397705078125,,,,,,,,,,,,,,,
,,,,,,,,,,,,,,,,14439.0546875,,,,,,,,14842.0810546875,,,,,,,,2342.34814453125,,,,,,,,,,,,,,,
,,,,,,,,,,,,,,,,14406.236328125,,,,,,,,14808.4482421875,,,,,,,,2326.7333984375,,,,,,,,,,,,,,,
,,,,,,,,,,,,,,,,14448.5361328125,,,,,,,,14790.86328125,,,,,,,,2327.859619140625,,,,,,,,,,,,,,,
,,,,,,,,,,,,,,,,14401.783203125,,,,,,,,14754.59375,,,,,,,,2345.7783203125,,,,,,,,,,,,,,,
,,,,,,,,,,,,,,,,14431.267578125,,,,,,,,14859.857421875,,,,,,,,2323.297607421875,,,,,,,,,,,,,,,
,,,,,,,,,,,,,,,,14429.935546875,,,,,,,,14820.9453125,,,,,,,,2348.655517578125,,,,,,,,,,,,,,,
,,,,,,,,,,,,,,,,14422.66015625,,,,,,,,14865.77734375,,,,,,,,2358.8486328125,,,,,,,,,,,,,,,
,,,,,,,,,,,,,,,,14419.15625,,,,,,,,14782.4716796875,,,,,,,,2357.263427734375,,,,,,,,,,,,,,,
,,,,,,,,,,,,,,,,14460.4404296875,,,,,,,,14880.580078125,,,,,,,,2356.06982421875,,,,,,,,,,,,,,,
,,,,,,,,,,,,,,,,14411.3193359375,,,,,,,,14838.162109375,,,,,,,,2390.0078125,,,,,,,,,,,,,,,
,,,,,,,,,,,,,,,,14455.6513671875,,,,,,,,14838.33203125,,,,,,,,2378.245361328125,,,,,,,,,,,,,,,
,,,,,,,,,,,,,,,,14454.130859375,,,,,,,,14806.951171875,,,,,,,,2380.150390625,,,,,,,,,,,,,,,
,,,,,,,,,,,,,,,,14479.56640625,,,,,,,,14853.298828125,,,,,,,,2353.392578125,,,,,,,,,,,,,,,
,,,,,,,,,,,,,,,,14447.052734375,,,,,,,,14779.09765625,,,,,,,,2420.96630859375,,,,,,,,,,,,,,,
,,,,,,,,,,,,,,,,14446.67578125,,,,,,,,14874.8515625,,,,,,,,2380.107421875,,,,,,,,,,,,,,,
,,,,,,,,,,,,,,,,14436.794921875,,,,,,,,14816.826171875,,,,,,,,2413.04296875,,,,,,,,,,,,,,,
,,,,,,,,,,,,,,,,14468.1328125,,,,,,,,14869.4013671875,,,,,,,,2392.637939453125,,,,,,,,,,,,,,,
,,,,,,,,,,,,,,,,14427.8759765625,,,,,,,,14807.3203125,,,,,,,,2450.130126953125,,,,,,,,,,,,,,,
,,,,,,,,,,,,,,,,14424.0458984375,,,,,,,,14898.056640625,,,,,,,,2419.696044921875,,,,,,,,,,,,,,,
,,,,,,,,,,,,,,,,14426.837890625,,,,,,,,14815.2373046875,,,,,,,,2409.659912109375,,,,,,,,,,,,,,,
,,,,,,,,,,,,,,,,14460.345703125,,,,,,,,14881.595703125,,,,,,,,2410.649658203125,,,,,,,,,,,,,,,
,,,,,,,,,,,,,,,,14470.4794921875,,,,,,,,14839.28125,,,,,,,,2429.20166015625,,,,,,,,,,,,,,,
,,,,,,,,,,,,,,,,14469.7421875,,,,,,,,14888.072265625,,,,,,,,2404.7998046875,,,,,,,,,,,,,,,
,,,,,,,,,,,,,,,,14490.09765625,,,,,,,,14875.544921875,,,,,,,,2427.556640625,,,,,,,,,,,,,,,
,,,,,,,,,,,,,,,,14480.439453125,,,,,,,,14894.7890625,,,,,,,,2430.801513671875,,,,,,,,,,,,,,,
,,,,,,,,,,,,,,,,14521.611328125,,,,,,,,14876.314453125,,,,,,,,2433.408203125,,,,,,,,,,,,,,,
,,,,,,,,,,,,,,,,14513.57421875,,,,,,,,14958.001953125,,,,,,,,2413.949951171875,,,,,,,,,,,,,,,
,,,,,,,,,,,,,,,,14543.591796875,,,,,,,,14929.6826171875,,,,,,,,2430.916015625,,,,,,,,,,,,,,,
,,,,,,,,,,,,,,,,14573.884765625,,,,,,,,14976.216796875,,,,,,,,2420.9326171875,,,,,,,,,,,,,,,
,,,,,,,,,,,,,,,,14577.0546875,,,,,,,,14910.568359375,,,,,,,,2422.74658203125,,,,,,,,,,,,,,,
,,,,,,,,,,,,,,,,14535.947265625,,,,,,,,14989.626953125,,,,,,,,2441.861572265625,,,,,,,,,,,,,,,
,,,,,,,,,,,,,,,,14557.458984375,,,,,,,,14938.173828125,,,,,,,,2428.95751953125,,,,,,,,,,,,,,,
,,,,,,,,,,,,,,,,14605.865234375,,,,,,,,14942.4892578125,,,,,,,,2426.44091796875,,,,,,,,,,,,,,,
,,,,,,,,,,,,,,,,14577.7734375,,,,,,,,14890.2900390625,,,,,,,,2453.966796875,,,,,,,,,,,,,,,
,,,,,,,,,,,,,,,,14610.953125,,,,,,,,14941.486328125,,,,,,,,2436.251708984375,,,,,,,,,,,,,,,
,,,,,,,,,,,,,,,,14552.919921875,,,,,,,,14937.306640625,,,,,,,,2446.6025390625,,,,,,,,,,,,,,,
,,,,,,,,,,,,,,,,14585.3076171875,,,,,,,,14991.8818359375,,,,,,,,2433.9912109375,,,,,,,,,,,,,,,
,,,,,,,,,,,,,,,,14598.0244140625,,,,,,,,14932.0771484375,,,,,,,,2428.461181640625,,,,,,,,,,,,,,,
,,,,,,,,,,,,,,,,14635.1083984375,,,,,,,,14986.5078125,,,,,,,,2451.5927734375,,,,,,,,,,,,,,,
,,,,,,,,,,,,,,,,14599.806640625,,,,,,,,14917.88671875,,,,,,,,2480.570556640625,,,,,,,,,,,,,,,
,,,,,,,,,,,,,,,,14638.029296875,,,,,,,,15002.259765625,,,,,,,,2466.06591796875,,,,,,,,,,,,,,,
,,,,,,,,,,,,,,,,14594.2578125,,,,,,,,14944.490234375,,,,,,,,2466.908203125,,,,,,,,,,,,,,,
,,,,,,,,,,,,,,,,14637.7880859375,,,,,,,,15020.181640625,,,,,,,,2469.56005859375,,,,,,,,,,,,,,,
,,,,,,,,,,,,,,,,14611.3935546875,,,,,,,,14987.951171875,,,,,,,,2487.870849609375,,,,,,,,,,,,,,,
,,,,,,,,,,,,,,,,14642.5439453125,,,,,,,,15033.6533203125,,,,,,,,2465.6904296875,,,,,,,,,,,,,,,
,,,,,,,,,,,,,,,,14590.7861328125,,,,,,,,14970.298828125,,,,,,,,2489.2314453125,,,,,,,,,,,,,,,
,,,,,,,,,,,,,,,,14635.958984375,,,,,,,,15012.7333984375,,,,,,,,2487.01123046875,,,,,,,,,,,,,,,
,,,,,,,,,,,,,,,,14572.1875,,,,,,,,14937.7705078125,,,,,,,,2531.717529296875,,,,,,,,,,,,,,,
,,,,,,,,,,,,,,,,14620.439453125,,,,,,,,15017.1845703125,,,,,,,,2491.42724609375,,,,,,,,,,,,,,,
,,,,,,,,,,,,,,,,14595.353515625,,,,,,,,14931.1328125,,,,,,,,2525.620361328125,,,,,,,,,,,,,,,
,,,,,,,,,,,,,,,,14607.099609375,,,,,,,,14999.48828125,,,,,,,,2537.417724609375,,,,,,,,,,,,,,,
,,,,,,,,,,,,,,,,14598.697265625,,,,,,,,15035.259765625,,,,,,,,2498.0302734375,,,,,,,,,,,,,,,
,,,,,,,,,,,,,,,,14604.529296875,,,,,,,,15091.5087890625,,,,,,,,2503.2236328125,,,,,,,,,,,,,,,
,,,,,,,,,,,,,,,,14665.6015625,,,,,,,,15063.3720703125,,,,,,,,2524.343994140625,,,,,,,,,,,,,,,
,,,,,,,,,,,,,,,,14645.2890625,,,,,,,,15124.0546875,,,,,,,,2512.155517578125,,,,,,,,,,,,,,,
,,,,,,,,,,,,,,,,14637.84375,,,,,,,,15005.232421875,,,,,,,,2528.73291015625,,,,,,,,,,,,,,,
,,,,,,,,,,,,,,,,14689.1796875,,,,,,,,15057.3916015625,,,,,,,,2508.23876953125,,,,,,,,,,,,,,,
,,,,,,,,,,,,,,,,14706.41015625,,,,,,,,15056.216796875,,,,,,,,2533.7724609375,,,,,,,,,,,,,,,
,,,,,,,,,,,,,,,,14765.3515625,,,,,,,,15116.3544921875,,,,,,,,2515.54541015625,,,,,,,,,,,,,,,
,,,,,,,,,,,,,,,,14732.71875,,,,,,,,15051.9921875,,,,,,,,2526.632080078125,,,,,,,,,,,,,,,
,,,,,,,,,,,,,,,,14708.9091796875,,,,,,,,15154.123046875,,,,,,,,2530.6142578125,,,,,,,,,,,,,,,
,,,,,,,,,,,,,,,,14715.9619140625,,,,,,,,15082.2841796875,,,,,,,,2550.7353515625,,,,,,,,,,,,,,,
,,,,,,,,,,,,,,,,14730.33984375,,,,,,,,15134.3134765625,,,,,,,,2547.462646484375,,,,,,,,,,,,,,,
,,,,,,,,,,,,,,,,14715.17578125,,,,,,,,15091.8662109375,,,,,,,,2561.181396484375,,,,,,,,,,,,,,,
,,,,,,,,,,,,,,,,14684.009765625,,,,,,,,15143.513671875,,,,,,,,2525.929931640625,,,,,,,,,,,,,,,
,,,,,,,,,,,,,,,,14710.9658203125,,,,,,,,15068.73828125,,,,,,,,2556.267822265625,,,,,,,,,,,,,,,
,,,,,,,,,,,,,,,,14734.0634765625,,,,,,,,15194.962890625,,,,,,,,2540.890380859375,,,,,,,,,,,,,,,
,,,,,,,,,,,,,,,,14717.4853515625,,,,,,,,15134.080078125,,,,,,,,2561.49609375,,,,,,,,,,,,,,,
,,,,,,,,,,,,,,,,14681.478515625,,,,,,,,15138.21484375,,,,,,,,2540.104248046875,,,,,,,,,,,,,,,
,,,,,,,,,,,,,,,,14701.4541015625,,,,,,,,15115.30859375,,,,,,,,2561.57568359375,,,,,,,,,,,,,,,
,,,,,,,,,,,,,,,,14730.142578125,,,,,,,,15186.490234375,,,,,,,,2536.65576171875,,,,,,,,,,,,,,,
,,,,,,,,,,,,,,,,14727.2470703125,,,,,,,,15082.5458984375,,,,,,,,2572.1142578125,,,,,,,,,,,,,,,
,,,,,,,,,,,,,,,,14722.5986328125,,,,,,,,15152.06640625,,,,,,,,2555.428955078125,,,,,,,,,,,,,,,
,,,,,,,,,,,,,,,,14693.451171875,,,,,,,,15126.19921875,,,,,,,,2579.5751953125,,,,,,,,,,,,,,,
,,,,,,,,,,,,,,,,14697.03515625,,,,,,,,15137.62890625,,,,,,,,2596.35009765625,,,,,,,,,,,,,,,
,,,,,,,,,,,,,,,,14684.8310546875,,,,,,,,15068.28515625,,,,,,,,2579.482421875,,,,,,,,,,,,,,,
,,,,,,,,,,,,,,,,14681.8818359375,,,,,,,,15123.0966796875,,,,,,,,2571.248291015625,,,,,,,,,,,,,,,
,,,,,,,,,,,,,,,,14682.2900390625,,,,,,,,15114.25390625,,,,,,,,2597.94091796875,,,,,,,,,,,,,,,
,,,,,,,,,,,,,,,,14677.416015625,,,,,,,,15145.142578125,,,,,,,,2583.33154296875,,,,,,,,,,,,,,,
,,,,,,,,,,,,,,,,14658.314453125,,,,,,,,15096.564453125,,,,,,,,2601.956298828125,,,,,,,,,,,,,,,
,,,,,,,,,,,,,,,,14673.916015625,,,,,,,,15136.60546875,,,,,,,,2618.34619140625,,,,,,,,,,,,,,,
,,,,,,,,,,,,,,,,14640.96875,,,,,,,,15105.181640625,,,,,,,,2611.7080078125,,,,,,,,,,,,,,,
,,,,,,,,,,,,,,,,14674.0546875,,,,,,,,15151.28515625,,,,,,,,2617.386474609375,,,,,,,,,,,,,,,
,,,,,,,,,,,,,,,,14676.1796875,,,,,,,,15103.07421875,,,,,,,,2608.198486328125,,,,,,,,,,,,,,,
,,,,,,,,,,,,,,,,14700.3662109375,,,,,,,,15135.806640625,,,,,,,,2599.42724609375,,,,,,,,,,,,,,,
,,,,,,,,,,,,,,,,14637.1259765625,,,,,,,,15072.322265625,,,,,,,,2647.9345703125,,,,,,,,,,,,,,,
,,,,,,,,,,,,,,,,14685.28125,,,,,,,,15102.4443359375,,,,,,,,2625.685546875,,,,,,,,,,,,,,,
,,,,,,,,,,,,,,,,14649.755859375,,,,,,,,15078.2353515625,,,,,,,,2645.946533203125,,,,,,,,,,,,,,,
,,,,,,,,,,,,,,,,14692.90234375,,,,,,,,15154.9716796875,,,,,,,,2640.2529296875,,,,,,,,,,,,,,,
,,,,,,,,,,,,,,,,14659.755859375,,,,,,,,15115.1982421875,,,,,,,,2664.3212890625,,,,,,,,,,,,,,,
,,,,,,,,,,,,,,,,14714.291015625,,,,,,,,15176.099609375,,,,,,,,2638.072021484375,,,,,,,,,,,,,,,
,,,,,,,,,,,,,,,,14688.62109375,,,,,,,,15153.8671875,,,,,,,,2676.0625,,,,,,,,,,,,,,,
,,,,,,,,,,,,,,,,14706.0068359375,,,,,,,,15173.37109375,,,,,,,,2690.141845703125,,,,,,,,,,,,,,,
,,,,,,,,,,,,,,,,14680.26953125,,,,,,,,15145.8330078125,,,,,,,,2678.70849609375,,,,,,,,,,,,,,,
,,,,,,,,,,,,,,,,14672.8828125,,,,,,,,15206.029296875,,,,,,,,2670.0263671875,,,,,,,,,,,,,,,
,,,,,,,,,,,,,,,,14676.1953125,,,,,,,,15178.052734375,,,,,,,,2663.577392578125,,,,,,,,,,,,,,,
,,,,,,,,,,,,,,,,14717.021484375,,,,,,,,15147.30078125,,,,,,,,2668.364501953125,,,,,,,,,,,,,,,
,,,,,,,,,,,,,,,,14691.080078125,,,,,,,,15175.3818359375,,,,,,,,2648.326416015625,,,,,,,,,,,,,,,
,,,,,,,,,,,,,,,,14722.6298828125,,,,,,,,15234.015625,,,,,,,,2686.3115234375,,,,,,,,,,,,,,,
,,,,,,,,,,,,,,,,14684.2939453125,,,,,,,,15121.1630859375,,,,,,,,2686.819580078125,,,,,,,,,,,,,,,
,,,,,,,,,,,,,,,,14721.1865234375,,,,,,,,15204.298828125,,,,,,,,2681.565185546875,,,,,,,,,,,,,,,
,,,,,,,,,,,,,,,,14702.7783203125,,,,,,,,15172.09375,,,,,,,,2703.8408203125,,,,,,,,,,,,,,,
,,,,,,,,,,,,,,,,14747.6240234375,,,,,,,,15220.6171875,,,,,,,,2688.44580078125,,,,,,,,,,,,,,,
,,,,,,,,,,,,,,,,14693.8681640625,,,,,,,,15143.583984375,,,,,,,,2710.798828125,,,,,,,,,,,,,,,
,,,,,,,,,,,,,,,,14760.4228515625,,,,,,,,15223.458984375,,,,,,,,2670.119384765625,,,,,,,,,,,,,,,
,,,,,,,,,,,,,,,,14743.78515625,,,,,,,,15160.78125,,,,,,,,2677.062255859375,,,,,,,,,,,,,,,
,,,,,,,,,,,,,,,,14772.9541015625,,,,,,,,15220.1728515625,,,,,,,,2664.35498046875,,,,,,,,,,,,,,,
,,,,,,,,,,,,,,,,14740.6171875,,,,,,,,15175.271484375,,,,,,,,2673.610595703125,,,,,,,,,,,,,,,
,,,,,,,,,,,,,,,,14808.3173828125,,,,,,,,15249.005859375,,,,,,,,2673.904052734375,,,,,,,,,,,,,,,
,,,,,,,,,,,,,,,,14716.900390625,,,,,,,,15177.23828125,,,,,,,,2694.4287109375,,,,,,,,,,,,,,,
,,,,,,,,,,,,,,,,14782.2099609375,,,,,,,,15243.30078125,,,,,,,,2684.42626953125,,,,,,,,,,,,,,,
,,,,,,,,,,,,,,,,14763.853515625,,,,,,,,15179.314453125,,,,,,,,2710.3017578125,,,,,,,,,,,,,,,
,,,,,,,,,,,,,,,,14791.37890625,,,,,,,,15197.1806640625,,,,,,,,2698.81396484375,,,,,,,,,,,,,,,
,,,,,,,,,,,,,,,,14775.7607421875,,,,,,,,15176.7509765625,,,,,,,,2723.0771484375,,,,,,,,,,,,,,,
,,,,,,,,,,,,,,,,14809.0751953125,,,,,,,,15256.3193359375,,,,,,,,2672.722412109375,,,,,,,,,,,,,,,
,,,,,,,,,,,,,,,,14772.51171875,,,,,,,,15175.3447265625,,,,,,,,2705.3828125,,,,,,,,,,,,,,,
,,,,,,,,,,,,,,,,14828.826171875,,,,,,,,15258.953125,,,,,,,,2689.54345703125,,,,,,,,,,,,,,,
,,,,,,,,,,,,,,,,14774.638671875,,,,,,,,15179.810546875,,,,,,,,2729.9365234375,,,,,,,,,,,,,,,
,,,,,,,,,,,,,,,,14804.609375,,,,,,,,15238.4677734375,,,,,,,,2697.69140625,,,,,,,,,,,,,,,
,,,,,,,,,,,,,,,,14762.533203125,,,,,,,,15217.36328125,,,,,,,,2717.051025390625,,,,,,,,,,,,,,,
,,,,,,,,,,,,,,,,14770.0966796875,,,,,,,,15247.8896484375,,,,,,,,2695.714599609375,,,,,,,,,,,,,,,
,,,,,,,,,,,,,,,,14733.484375,,,,,,,,15189.349609375,,,,,,,,2713.392578125,,,,,,,,,,,,,,,
,,,,,,,,,,,,,,,,14787.033203125,,,,,,,,15255.681640625,,,,,,,,2710.4169921875,,,,,,,,,,,,,,,
,,,,,,,,,,,,,,,,14755.2978515625,,,,,,,,15149.25,,,,,,,,2738.2822265625,,,,,,,,,,,,,,,
,,,,,,,,,,,,,,,,14748.3125,,,,,,,,15243.0703125,,,,,,,,2734.16796875,,,,,,,,,,,,,,,
,,,,,,,,,,,,,,,,14772.896484375,,,,,,,,15151.4072265625,,,,,,,,2737.89990234375,,,,,,,,,,,,,,,
,,,,,,,,,,,,,,,,14804.1875,,,,,,,,15199.01953125,,,,,,,,2744.561279296875,,,,,,,,,,,,,,,
,,,,,,,,,,,,,,,,14804.24609375,,,,,,,,15176.9765625,,,,,,,,2769.185302734375,,,,,,,,,,,,,,,
,,,,,,,,,,,,,,,,14796.7275390625,,,,,,,,15263.271484375,,,,,,,,2741.1533203125,,,,,,,,,,,,,,,
,,,,,,,,,,,,,,,,14798.0009765625,,,,,,,,15191.052734375,,,,,,,,2759.355712890625,,,,,,,,,,,,,,,
,,,,,,,,,,,,,,,,14850.8505859375,,,,,,,,15220.55859375,,,,,,,,2753.04248046875,,,,,,,,,,,,,,,
,,,,,,,,,,,,,,,,14817.7177734375,,,,,,,,15154.841796875,,,,,,,,2775.9052734375,,,,,,,,,,,,,,,
,,,,,,,,,,,,,,,,14826.3623046875,,,,,,,,15196.4560546875,,,,,,,,2756.82421875,,,,,,,,,,,,,,,
,,,,,,,,,,,,,,,,14823.685546875,,,,,,,,15159.224609375,,,,,,,,2779.692626953125,,,,,,,,,,,,,,,
,,,,,,,,,,,,,,,,14831.5966796875,,,,,,,,15196.533203125,,,,,,,,2780.02001953125,,,,,,,,,,,,,,,
,,,,,,,,,,,,,,,,14825.412109375,,,,,,,,15188.9619140625,,,,,,,,2785.8212890625,,,,,,,,,,,,,,,
,,,,,,,,,,,,,,,,14851.591796875,,,,,,,,15213.2734375,,,,,,,,2793.77490234375,,,,,,,,,,,,,,,
,,,,,,,,,,,,,,,,14710.955078125,,,,,,,,15108.181640625,,,,,,,,2830.3623046875,,,,,,,,,,,,,,,
,,,,,,,,,,,,,,,,14820.33984375,,,,,,,,15182.26953125,,,,,,,,2797.04150390625,,,,,,,,,,,,,,,
,,,,,,,,,,,,,,,,14794.4912109375,,,,,,,,15146.6474609375,,,,,,,,2808.5107421875,,,,,,,,,,,,,,,
,,,,,,,,,,,,,,,,14876.2978515625,,,,,,,,15234.8017578125,,,,,,,,2782.1142578125,,,,,,,,,,,,,,,
,,,,,,,,,,,,,,,,14770.2431640625,,,,,,,,15172.23046875,,,,,,,,2821.70751953125,,,,,,,,,,,,,,,
,,,,,,,,,,,,,,,,14848.611328125,,,,,,,,15236.10546875,,,,,,,,2810.864013671875,,,,,,,,,,,,,,,
,,,,,,,,,,,,,,,,14853.00390625,,,,,,,,15186.0810546875,,,,,,,,2810.546875,,,,,,,,,,,,,,,
,,,,,,,,,,,,,,,,14835.40234375,,,,,,,,15223.6142578125,,,,,,,,2803.37890625,,,,,,,,,,,,,,,
,,,,,,,,,,,,,,,,14867.283203125,,,,,,,,15226.150390625,,,,,,,,2853.523681640625,,,,,,,,,,,,,,,
,,,,,,,,,,,,,,,,14903.57421875,,,,,,,,15286.685546875,,,,,,,,2800.236328125,,,,,,,,,,,,,,,
,,,,,,,,,,,,,,,,14810.544921875,,,,,,,,15127.216796875,,,,,,,,2817.146728515625,,,,,,,,,,,,,,,
,,,,,,,,,,,,,,,,14885.291015625,,,,,,,,15252.791015625,,,,,,,,2811.289306640625,,,,,,,,,,,,,,,
,,,,,,,,,,,,,,,,14839.4638671875,,,,,,,,15213.4443359375,,,,,,,,2840.376220703125,,,,,,,,,,,,,,,
,,,,,,,,,,,,,,,,14889.7451171875,,,,,,,,15233.10546875,,,,,,,,2807.7001953125,,,,,,,,,,,,,,,
,,,,,,,,,,,,,,,,14862.7841796875,,,,,,,,15155.80078125,,,,,,,,2842.041259765625,,,,,,,,,,,,,,,
,,,,,,,,,,,,,,,,14887.01171875,,,,,,,,15291.80859375,,,,,,,,2829.556884765625,,,,,,,,,,,,,,,
,,,,,,,,,,,,,,,,14836.595703125,,,,,,,,15203.6728515625,,,,,,,,2851.9384765625,,,,,,,,,,,,,,,
,,,,,,,,,,,,,,,,14890.583984375,,,,,,,,15291.15234375,,,,,,,,2834.46484375,,,,,,,,,,,,,,,
,,,,,,,,,,,,,,,,14872.0390625,,,,,,,,15205.197265625,,,,,,,,2839.26318359375,,,,,,,,,,,,,,,
,,,,,,,,,,,,,,,,14841.44140625,,,,,,,,15254.6796875,,,,,,,,2845.311279296875,,,,,,,,,,,,,,,
,,,,,,,,,,,,,,,,14872.8466796875,,,,,,,,15247.63671875,,,,,,,,2843.96630859375,,,,,,,,,,,,,,,
,,,,,,,,,,,,,,,,14873.4765625,,,,,,,,15279.509765625,,,,,,,,2827.410888671875,,,,,,,,,,,,,,,
,,,,,,,,,,,,,,,,14858.3359375,,,,,,,,15238.505859375,,,,,,,,2840.402099609375,,,,,,,,,,,,,,,
,,,,,,,,,,,,,,,,14875.390625,,,,,,,,15295.962890625,,,,,,,,2850.396240234375,,,,,,,,,,,,,,,
,,,,,,,,,,,,,,,,14903.6455078125,,,,,,,,15207.630859375,,,,,,,,2887.063232421875,,,,,,,,,,,,,,,
,,,,,,,,,,,,,,,,14909.224609375,,,,,,,,15307.0810546875,,,,,,,,2858.330078125,,,,,,,,,,,,,,,
,,,,,,,,,,,,,,,,14829.8173828125,,,,,,,,15286.0634765625,,,,,,,,2858.33837890625,,,,,,,,,,,,,,,
,,,,,,,,,,,,,,,,14923.73828125,,,,,,,,15296.7001953125,,,,,,,,2812.40673828125,,,,,,,,,,,,,,,
,,,,,,,,,,,,,,,,14882.05078125,,,,,,,,15235.9853515625,,,,,,,,2866.301513671875,,,,,,,,,,,,,,,
,,,,,,,,,,,,,,,,14943.9609375,,,,,,,,15298.06640625,,,,,,,,2877.055419921875,,,,,,,,,,,,,,,
,,,,,,,,,,,,,,,,14929.1474609375,,,,,,,,15275.462890625,,,,,,,,2860.811767578125,,,,,,,,,,,,,,,
,,,,,,,,,,,,,,,,14941.611328125,,,,,,,,15291.126953125,,,,,,,,2885.89501953125,,,,,,,,,,,,,,,
,,,,,,,,,,,,,,,,14934.2705078125,,,,,,,,15267.7275390625,,,,,,,,2882.1083984375,,,,,,,,,,,,,,,
,,,,,,,,,,,,,,,,14957.162109375,,,,,,,,15316.111328125,,,,,,,,2839.41748046875,,,,,,,,,,,,,,,
,,,,,,,,,,,,,,,,14915.37109375,,,,,,,,15254.4072265625,,,,,,,,2865.422607421875,,,,,,,,,,,,,,,
,,,,,,,,,,,,,,,,14943.9638671875,,,,,,,,15292.021484375,,,,,,,,2876.6953125,,,,,,,,,,,,,,,
,,,,,,,,,,,,,,,,14945.3173828125,,,,,,,,15249.6484375,,,,,,,,2891.86328125,,,,,,,,,,,,,,,
,,,,,,,,,,,,,,,,14952.2548828125,,,,,,,,15279.9404296875,,,,,,,,2858.326416015625,,,,,,,,,,,,,,,
,,,,,,,,,,,,,,,,14946.49609375,,,,,,,,15233.3271484375,,,,,,,,2888.81005859375,,,,,,,,,,,,,,,
,,,,,,,,,,,,,,,,14954.5556640625,,,,,,,,15301.6142578125,,,,,,,,2859.677490234375,,,,,,,,,,,,,,,
,,,,,,,,,,,,,,,,14988.9677734375,,,,,,,,15228.775390625,,,,,,,,2874.123291015625,,,,,,,,,,,,,,,
,,,,,,,,,,,,,,,,15014.443359375,,,,,,,,15323.48046875,,,,,,,,2880.5107421875,,,,,,,,,,,,,,,
,,,,,,,,,,,,,,,,14974.9404296875,,,,,,,,15271.3330078125,,,,,,,,2894.24755859375,,,,,,,,,,,,,,,
,,,,,,,,,,,,,,,,15029.6005859375,,,,,,,,15327.044921875,,,,,,,,2881.293701171875,,,,,,,,,,,,,,,
,,,,,,,,,,,,,,,,14973.087890625,,,,,,,,15344.560546875,,,,,,,,2869.38720703125,,,,,,,,,,,,,,,
,,,,,,,,,,,,,,,,15058.7041015625,,,,,,,,15348.9794921875,,,,,,,,2859.736572265625,,,,,,,,,,,,,,,
,,,,,,,,,,,,,,,,14989.076171875,,,,,,,,15250.6787109375,,,,,,,,2866.690185546875,,,,,,,,,,,,,,,
,,,,,,,,,,,,,,,,15019.345703125,,,,,,,,15304.51953125,,,,,,,,2862.974365234375,,,,,,,,,,,,,,,
,,,,,,,,,,,,,,,,14995.5498046875,,,,,,,,15202.9140625,,,,,,,,2888.26123046875,,,,,,,,,,,,,,,
,,,,,,,,,,,,,,,,15040.4375,,,,,,,,15294.7021484375,,,,,,,,2863.8876953125,,,,,,,,,,,,,,,
,,,,,,,,,,,,,,,,14986.5234375,,,,,,,,15213.8916015625,,,,,,,,2876.47412109375,,,,,,,,,,,,,,,
,,,,,,,,,,,,,,,,15021.607421875,,,,,,,,15311.2236328125,,,,,,,,2856.54736328125,,,,,,,,,,,,,,,
,,,,,,,,,,,,,,,,14946.66015625,,,,,,,,15211.7822265625,,,,,,,,2879.3046875,,,,,,,,,,,,,,,
,,,,,,,,,,,,,,,,15018.310546875,,,,,,,,15307.2109375,,,,,,,,2864.232666015625,,,,,,,,,,,,,,,
,,,,,,,,,,,,,,,,14968.171875,,,,,,,,15251.3076171875,,,,,,,,2898.58349609375,,,,,,,,,,,,,,,
,,,,,,,,,,,,,,,,15012.41015625,,,,,,,,15295.9326171875,,,,,,,,2863.560546875,,,,,,,,,,,,,,,
,,,,,,,,,,,,,,,,14993.94921875,,,,,,,,15239.359375,,,,,,,,2887.6162109375,,,,,,,,,,,,,,,
,,,,,,,,,,,,,,,,14997.5537109375,,,,,,,,15297.1572265625,,,,,,,,2863.606689453125,,,,,,,,,,,,,,,
,,,,,,,,,,,,,,,,14947.1015625,,,,,,,,15240.556640625,,,,,,,,2889.741943359375,,,,,,,,,,,,,,,
,,,,,,,,,,,,,,,,14976.255859375,,,,,,,,15303.4189453125,,,,,,,,2871.26171875,,,,,,,,,,,,,,,
,,,,,,,,,,,,,,,,14939.501953125,,,,,,,,15239.46875,,,,,,,,2893.248291015625,,,,,,,,,,,,,,,
,,,,,,,,,,,,,,,,14974.00390625,,,,,,,,15286.3740234375,,,,,,,,2887.546142578125,,,,,,,,,,,,,,,
,,,,,,,,,,,,,,,,14967.787109375,,,,,,,,15225.99609375,,,,,,,,2913.6318359375,,,,,,,,,,,,,,,
,,,,,,,,,,,,,,,,15011.75390625,,,,,,,,15306.634765625,,,,,,,,2900.9462890625,,,,,,,,,,,,,,,
,,,,,,,,,,,,,,,,14989.40625,,,,,,,,15276.12890625,,,,,,,,2899.67919921875,,,,,,,,,,,,,,,
,,,,,,,,,,,,,,,,15016.5888671875,,,,,,,,15288.62890625,,,,,,,,2913.75439453125,,,,,,,,,,,,,,,
,,,,,,,,,,,,,,,,14980.740234375,,,,,,,,15266.291015625,,,,,,,,2903.807861328125,,,,,,,,,,,,,,,
,,,,,,,,,,,,,,,,15034.24609375,,,,,,,,15355.4384765625,,,,,,,,2904.776611328125,,,,,,,,,,,,,,,
,,,,,,,,,,,,,,,,15002.2919921875,,,,,,,,15346.8916015625,,,,,,,,2931.87109375,,,,,,,,,,,,,,,
,,,,,,,,,,,,,,,,15016.5068359375,,,,,,,,15386.298828125,,,,,,,,2920.064697265625,,,,,,,,,,,,,,,
,,,,,,,,,,,,,,,,14959.10546875,,,,,,,,15303.6611328125,,,,,,,,2933.937744140625,,,,,,,,,,,,,,,
,,,,,,,,,,,,,,,,15013.986328125,,,,,,,,15396.4228515625,,,,,,,,2920.928466796875,,,,,,,,,,,,,,,
,,,,,,,,,,,,,,,,14963.6044921875,,,,,,,,15307.220703125,,,,,,,,2923.86376953125,,,,,,,,,,,,,,,
,,,,,,,,,,,,,,,,15023.5234375,,,,,,,,15415.3349609375,,,,,,,,2907.29052734375,,,,,,,,,,,,,,,
,,,,,,,,,,,,,,,,14994.078125,,,,,,,,15357.134765625,,,,,,,,2962.089599609375,,,,,,,,,,,,,,,
,,,,,,,,,,,,,,,,15020.5498046875,,,,,,,,15372.4375,,,,,,,,2933.45654296875,,,,,,,,,,,,,,,
,,,,,,,,,,,,,,,,15022.6005859375,,,,,,,,15370.7568359375,,,,,,,,2961.48486328125,,,,,,,,,,,,,,,
,,,,,,,,,,,,,,,,15037.849609375,,,,,,,,15396.9912109375,,,,,,,,2935.99755859375,,,,,,,,,,,,,,,
,,,,,,,,,,,,,,,,14954.765625,,,,,,,,15363.796875,,,,,,,,2960.889892578125,,,,,,,,,,,,,,,
,,,,,,,,,,,,,,,,15000.330078125,,,,,,,,15376.7216796875,,,,,,,,2933.360595703125,,,,,,,,,,,,,,,
,,,,,,,,,,,,,,,,14992.3271484375,,,,,,,,15343.197265625,,,,,,,,2973.173828125,,,,,,,,,,,,,,,
