A1,A2,A3,A4,A5,A6,A7,A8,B1,B2,B3,B4,B5,B6,B7,B8,C1,C2,C3,C4,C5,C6,C7,C8,D1,D2,D3,D4,D5,D6,D7,D8,E1,E2,E3,E4,E5,E6,E7,E8,F1,F2,F3,F4,F5,F6,F7,F8
11685.7265625,,,,,,,6757.7763671875,,,,,,,,,8396.943359375,,,,,,,15716.8720703125,,,,,,,,,,,,,,,,,9106.49609375,,,,,,,13904.0078125
11813.318359375,,,,,,,6859.0546875,,,,,,,,,8523.0205078125,,,,,,,15695.44140625,,,,,,,,,,,,,,,,,9178.47265625,,,,,,,13973.8349609375
11887.2705078125,,,,,,,6965.46484375,,,,,,,,,8617.7802734375,,,,,,,15653.59375,,,,,,,,,,,,,,,,,9297.6123046875,,,,,,,14043.345703125
11985.96484375,,,,,,,7075.17333984375,,,,,,,,,8652.6123046875,,,,,,,15695.810546875,,,,,,,,,,,,,,,,,9344.13671875,,,,,,,14095.8955078125
12091.1484375,,,,,,,7165.5283203125,,,,,,,,,8748.421875,,,,,,,15684.828125,,,,,,,,,,,,,,,,,9434.25390625,,,,,,,14158.716796875
12149.447265625,,,,,,,7237.99853515625,,,,,,,,,8807.8662109375,,,,,,,15655.31640625,,,,,,,,,,,,,,,,,9516.943359375,,,,,,,14180.4794921875
12226.0751953125,,,,,,,7327.91162109375,,,,,,,,,8854.90625,,,,,,,15720.1201171875,,,,,,,,,,,,,,,,,9559.205078125,,,,,,,14298.3173828125
12321.2255859375,,,,,,,7395.7412109375,,,,,,,,,8901.0244140625,,,,,,,15759.552734375,,,,,,,,,,,,,,,,,9622.046875,,,,,,,14337.4248046875
12372.9169921875,,,,,,,7457.03662109375,,,,,,,,,8961.4599609375,,,,,,,15734.1474609375,,,,,,,,,,,,,,,,,9681.794921875,,,,,,,14413.0537109375
12471.72265625,,,,,,,7540.138671875,,,,,,,,,9015.390625,,,,,,,15788.1962890625,,,,,,,,,,,,,,,,,9764.57421875,,,,,,,14460.1650390625
12512.408203125,,,,,,,7595.84130859375,,,,,,,,,9070.1298828125,,,,,,,15788.6376953125,,,,,,,,,,,,,,,,,9817.71875,,,,,,,14528.083984375
12570.310546875,,,,,,,7665.1884765625,,,,,,,,,9104.861328125,,,,,,,15790.2265625,,,,,,,,,,,,,,,,,9869.826171875,,,,,,,14570.2490234375
12634.982421875,,,,,,,7716.90380859375,,,,,,,,,9174.65625,,,,,,,15824.365234375,,,,,,,,,,,,,,,,,9930.8564453125,,,,,,,14616.3955078125
12686.0068359375,,,,,,,7758.37109375,,,,,,,,,9220.138671875,,,,,,,15853.3603515625,,,,,,,,,,,,,,,,,9996.423828125,,,,,,,14658.6220703125
12725.3671875,,,,,,,7830.34375,,,,,,,,,9281.78125,,,,,,,15845.1376953125,,,,,,,,,,,,,,,,,10011.5849609375,,,,,,,14700.5361328125
12780.7294921875,,,,,,,7867.9111328125,,,,,,,,,9309.322265625,,,,,,,15871.80859375,,,,,,,,,,,,,,,,,10100.240234375,,,,,,,14671.34375
12831.8369140625,,,,,,,7915.62158203125,,,,,,,,,9379.12109375,,,,,,,15861.3984375,,,,,,,,,,,,,,,,,10125.255859375,,,,,,,14745.0966796875
12875.4755859375,,,,,,,7982.34814453125,,,,,,,,,9422.7001953125,,,,,,,15883.728515625,,,,,,,,,,,,,,,,,10207.396484375,,,,,,,14828.6455078125
12924.54296875,,,,,,,8041.9560546875,,,,,,,,,9477.6083984375,,,,,,,15900.677734375,,,,,,,,,,,,,,,,,10231.396484375,,,,,,,14869.12109375
12995.212890625,,,,,,,8077.728515625,,,,,,,,,9524.1943359375,,,,,,,15913.7109375,,,,,,,,,,,,,,,,,10306.349609375,,,,,,,14927.189453125
13031.3369140625,,,,,,,8101.72216796875,,,,,,,,,9557.283203125,,,,,,,15916.798828125,,,,,,,,,,,,,,,,,10338.0556640625,,,,,,,14963.158203125
13079.9267578125,,,,,,,8157.66357421875,,,,,,,,,9590.865234375,,,,,,,15897.2265625,,,,,,,,,,,,,,,,,10400.4267578125,,,,,,,14964.533203125
13120.767578125,,,,,,,8188.8427734375,,,,,,,,,9647.5791015625,,,,,,,15886.71875,,,,,,,,,,,,,,,,,10456.1982421875,,,,,,,14985.6689453125
13192.4033203125,,,,,,,8217.4970703125,,,,,,,,,9690.6103515625,,,,,,,15936.91796875,,,,,,,,,,,,,,,,,10480.734375,,,,,,,15039.712890625
13224.830078125,,,,,,,8293.1484375,,,,,,,,,9743.1357421875,,,,,,,15951.0439453125,,,,,,,,,,,,,,,,,10524.283203125,,,,,,,15062.75390625
13284.89453125,,,,,,,8324.83984375,,,,,,,,,9801.263671875,,,,,,,15968.2578125,,,,,,,,,,,,,,,,,10576.51953125,,,,,,,15081.109375
13331.2880859375,,,,,,,8348.138671875,,,,,,,,,9815.419921875,,,,,,,15995.265625,,,,,,,,,,,,,,,,,10602.388671875,,,,,,,15102.9013671875
13376.6123046875,,,,,,,8403.7109375,,,,,,,,,9873.8583984375,,,,,,,16003.6015625,,,,,,,,,,,,,,,,,10682.048828125,,,,,,,15172.384765625
13403.19140625,,,,,,,8435.5234375,,,,,,,,,9985.4443359375,,,,,,,16012.8671875,,,,,,,,,,,,,,,,,10714.34765625,,,,,,,15197.27734375
13469.4384765625,,,,,,,8449.919921875,,,,,,,,,10058.787109375,,,,,,,16016.734375,,,,,,,,,,,,,,,,,10757.390625,,,,,,,15240.201171875
13487.810546875,,,,,,,8494.3671875,,,,,,,,,10088.833984375,,,,,,,16035.9921875,,,,,,,,,,,,,,,,,10788.6689453125,,,,,,,15212.38671875
13513.427734375,,,,,,,8530.93359375,,,,,,,,,10135.7822265625,,,,,,,16040.1015625,,,,,,,,,,,,,,,,,10809.5068359375,,,,,,,15284.546875
13562.845703125,,,,,,,8554.533203125,,,,,,,,,10193.07421875,,,,,,,16070.31640625,,,,,,,,,,,,,,,,,10848.0126953125,,,,,,,15318.2265625
13596.66015625,,,,,,,8595.990234375,,,,,,,,,10219.982421875,,,,,,,16029.142578125,,,,,,,,,,,,,,,,,10901.271484375,,,,,,,15280.0537109375
13646.669921875,,,,,,,8623.4267578125,,,,,,,,,10271.09765625,,,,,,,16062.267578125,,,,,,,,,,,,,,,,,10945.884765625,,,,,,,15302.2177734375
13702.904296875,,,,,,,8641.0234375,,,,,,,,,10310.998046875,,,,,,,16050.955078125,,,,,,,,,,,,,,,,,10974.3251953125,,,,,,,15331.2744140625
13732.595703125,,,,,,,8698.3408203125,,,,,,,,,10370.052734375,,,,,,,16073.85546875,,,,,,,,,,,,,,,,,11001.951171875,,,,,,,15341.1552734375
13741.5234375,,,,,,,8715.74609375,,,,,,,,,10417.697265625,,,,,,,16073.7939453125,,,,,,,,,,,,,,,,,11047.4111328125,,,,,,,15355.8837890625
13807.9296875,,,,,,,8739.6083984375,,,,,,,,,10497.7685546875,,,,,,,16154.12109375,,,,,,,,,,,,,,,,,11090.455078125,,,,,,,15458.041015625
13835.0087890625,,,,,,,8765.73046875,,,,,,,,,10564.8974609375,,,,,,,16134.923828125,,,,,,,,,,,,,,,,,11110.51171875,,,,,,,15452.716796875
13881.7861328125,,,,,,,8798.546875,,,,,,,,,10621.23046875,,,,,,,16173.458984375,,,,,,,,,,,,,,,,,11149.8037109375,,,,,,,15483.3193359375
13913.26171875,,,,,,,8839.77734375,,,,,,,,,10685.00390625,,,,,,,16183.203125,,,,,,,,,,,,,,,,,11186.025390625,,,,,,,15498.35546875
13957.3056640625,,,,,,,8873.3759765625,,,,,,,,,10752.8642578125,,,,,,,16188.5126953125,,,,,,,,,,,,,,,,,11203.11328125,,,,,,,15494.16015625
14003.203125,,,,,,,8895.1484375,,,,,,,,,10837.150390625,,,,,,,16203.3251953125,,,,,,,,,,,,,,,,,11243.8173828125,,,,,,,15531.0537109375
14028.2080078125,,,,,,,8924.6171875,,,,,,,,,10889.5244140625,,,,,,,16215.734375,,,,,,,,,,,,,,,,,11288.201171875,,,,,,,15543.12109375
14091.966796875,,,,,,,8941.580078125,,,,,,,,,10953.0517578125,,,,,,,16244.8701171875,,,,,,,,,,,,,,,,,11292.416015625,,,,,,,15595.1806640625
14125.7216796875,,,,,,,8981.982421875,,,,,,,,,11037.2109375,,,,,,,16237.078125,,,,,,,,,,,,,,,,,11366.921875,,,,,,,15626.337890625
14160.5625,,,,,,,8995.9677734375,,,,,,,,,11109.5947265625,,,,,,,16258.44921875,,,,,,,,,,,,,,,,,11395.5771484375,,,,,,,15633.033203125
14212.55859375,,,,,,,9019.7255859375,,,,,,,,,11166.265625,,,,,,,16270.8525390625,,,,,,,,,,,,,,,,,11403.62109375,,,,,,,15664.2626953125
14226.8056640625,,,,,,,9048.974609375,,,,,,,,,11247.0693359375,,,,,,,16263.4833984375,,,,,,,,,,,,,,,,,11438.4306640625,,,,,,,15657.4814453125
14249.359375,,,,,,,9052.783203125,,,,,,,,,11311.8359375,,,,,,,16267.990234375,,,,,,,,,,,,,,,,,11481.08203125,,,,,,,15687.1875
14288.134765625,,,,,,,9093.986328125,,,,,,,,,11375.662109375,,,,,,,16274.8515625,,,,,,,,,,,,,,,,,11533.78515625,,,,,,,15688.21875
14327.087890625,,,,,,,9108.5859375,,,,,,,,,11429.2978515625,,,,,,,16279.302734375,,,,,,,,,,,,,,,,,11548.1572265625,,,,,,,15720.9228515625
14343.671875,,,,,,,9142.728515625,,,,,,,,,11510.078125,,,,,,,16271.66015625,,,,,,,,,,,,,,,,,11573.833984375,,,,,,,15739.14453125
14388.3681640625,,,,,,,9166.015625,,,,,,,,,11559.0107421875,,,,,,,16263.7177734375,,,,,,,,,,,,,,,,,11630.4013671875,,,,,,,15725.5322265625
14399.7333984375,,,,,,,9185.9580078125,,,,,,,,,11605.0078125,,,,,,,16237.80859375,,,,,,,,,,,,,,,,,11655.2939453125,,,,,,,15735.2900390625
14444.81640625,,,,,,,9190.58984375,,,,,,,,,11629.1630859375,,,,,,,16252.642578125,,,,,,,,,,,,,,,,,11685.0244140625,,,,,,,15737.166015625
14502.2021484375,,,,,,,9238.783203125,,,,,,,,,11719.912109375,,,,,,,16336.904296875,,,,,,,,,,,,,,,,,11738.140625,,,,,,,15818.79296875
14497.26953125,,,,,,,9244.6083984375,,,,,,,,,11758.43359375,,,,,,,16266.421875,,,,,,,,,,,,,,,,,11736.103515625,,,,,,,15775.794921875
14545.08203125,,,,,,,9235.955078125,,,,,,,,,11784.560546875,,,,,,,16261.1337890625,,,,,,,,,,,,,,,,,11746.125,,,,,,,15772.298828125
14577.859375,,,,,,,9289.8837890625,,,,,,,,,11836.193359375,,,,,,,16323.248046875,,,,,,,,,,,,,,,,,11782.2978515625,,,,,,,15852.291015625
14614.5927734375,,,,,,,9307.853515625,,,,,,,,,11873.0439453125,,,,,,,16327.783203125,,,,,,,,,,,,,,,,,11808.2509765625,,,,,,,15881.2177734375
14631.931640625,,,,,,,9304.0849609375,,,,,,,,,11905.6943359375,,,,,,,16308.0791015625,,,,,,,,,,,,,,,,,11829.490234375,,,,,,,15885.5830078125
14670.7265625,,,,,,,9350.4736328125,,,,,,,,,11959.970703125,,,,,,,16318.90625,,,,,,,,,,,,,,,,,11885.4052734375,,,,,,,15906.9833984375
14678.3427734375,,,,,,,9375.541015625,,,,,,,,,11998.7734375,,,,,,,16303.205078125,,,,,,,,,,,,,,,,,11896.53515625,,,,,,,15908.5234375
14729.6103515625,,,,,,,9386.587890625,,,,,,,,,12015.8876953125,,,,,,,16340.6875,,,,,,,,,,,,,,,,,11932.98046875,,,,,,,15946.0263671875
14744.068359375,,,,,,,9393.388671875,,,,,,,,,12071.5361328125,,,,,,,16356.125,,,,,,,,,,,,,,,,,11948.673828125,,,,,,,15967.623046875
14784.8115234375,,,,,,,9426.0380859375,,,,,,,,,12122.9384765625,,,,,,,16364.1396484375,,,,,,,,,,,,,,,,,11990.7958984375,,,,,,,15961.5869140625
14797.634765625,,,,,,,9432.8994140625,,,,,,,,,12154.1982421875,,,,,,,16364.078125,,,,,,,,,,,,,,,,,12019.859375,,,,,,,15959.1103515625
14830.689453125,,,,,,,9423.888671875,,,,,,,,,12157.4970703125,,,,,,,16301.34765625,,,,,,,,,,,,,,,,,12037.0283203125,,,,,,,15934.294921875
14852.98046875,,,,,,,9446.642578125,,,,,,,,,12184.5888671875,,,,,,,16303.4384765625,,,,,,,,,,,,,,,,,12065.88671875,,,,,,,15928.689453125
14903.935546875,,,,,,,9497.7236328125,,,,,,,,,12209.974609375,,,,,,,16312.9765625,,,,,,,,,,,,,,,,,12093.828125,,,,,,,15932.744140625
14914.642578125,,,,,,,9491.4951171875,,,,,,,,,12267.03515625,,,,,,,16315.9501953125,,,,,,,,,,,,,,,,,12098.013671875,,,,,,,15988.4853515625
14932.8125,,,,,,,9508.080078125,,,,,,,,,12279.853515625,,,,,,,16355.580078125,,,,,,,,,,,,,,,,,12112.9609375,,,,,,,16023.9541015625
14952.9453125,,,,,,,9527.1220703125,,,,,,,,,12323.1962890625,,,,,,,16375.732421875,,,,,,,,,,,,,,,,,12150.7734375,,,,,,,16056.2001953125
14995.3828125,,,,,,,9543.244140625,,,,,,,,,12356.099609375,,,,,,,16409.974609375,,,,,,,,,,,,,,,,,12178.044921875,,,,,,,16051.166015625
14989.603515625,,,,,,,9564.9365234375,,,,,,,,,12400.779296875,,,,,,,16379.6962890625,,,,,,,,,,,,,,,,,12210.005859375,,,,,,,16058.775390625
15020.2734375,,,,,,,9565.248046875,,,,,,,,,12403.4375,,,,,,,16377.140625,,,,,,,,,,,,,,,,,12222.359375,,,,,,,16080.1298828125
15057.421875,,,,,,,9596.74609375,,,,,,,,,12462.498046875,,,,,,,16409.75,,,,,,,,,,,,,,,,,12237.3681640625,,,,,,,16121.390625
15087.044921875,,,,,,,9594.26953125,,,,,,,,,12479.0341796875,,,,,,,16402.669921875,,,,,,,,,,,,,,,,,12275.01953125,,,,,,,16127.0556640625
15099.291015625,,,,,,,9611.8916015625,,,,,,,,,12494.23828125,,,,,,,16434.125,,,,,,,,,,,,,,,,,12306.48828125,,,,,,,16143.07421875
15138.46875,,,,,,,9630.8486328125,,,,,,,,,12510.671875,,,,,,,16429.166015625,,,,,,,,,,,,,,,,,12330.626953125,,,,,,,16168.974609375
15176.884765625,,,,,,,9631.103515625,,,,,,,,,12560.736328125,,,,,,,16440.650390625,,,,,,,,,,,,,,,,,12336.8291015625,,,,,,,16159.1865234375
15188.458984375,,,,,,,9648.099609375,,,,,,,,,12632.3076171875,,,,,,,16473.5859375,,,,,,,,,,,,,,,,,12384.1298828125,,,,,,,16207.19921875
15182.6298828125,,,,,,,9663.44140625,,,,,,,,,12646.060546875,,,,,,,16451.439453125,,,,,,,,,,,,,,,,,12384.166015625,,,,,,,16232.1748046875
15230.529296875,,,,,,,9667.595703125,,,,,,,,,12662.001953125,,,,,,,16483.783203125,,,,,,,,,,,,,,,,,12429.802734375,,,,,,,16234.021484375
15252.33984375,,,,,,,9706.3466796875,,,,,,,,,12691.9130859375,,,,,,,16463.453125,,,,,,,,,,,,,,,,,12428.37109375,,,,,,,16259.505859375
15271.544921875,,,,,,,9716.0654296875,,,,,,,,,12719.380859375,,,,,,,16487.390625,,,,,,,,,,,,,,,,,12455.873046875,,,,,,,16276.162109375
15293.75390625,,,,,,,9714.5576171875,,,,,,,,,12740.443359375,,,,,,,16473.986328125,,,,,,,,,,,,,,,,,12492.3359375,,,,,,,16276.3681640625
15316.60546875,,,,,,,9743.146484375,,,,,,,,,12746.1162109375,,,,,,,16477.77734375,,,,,,,,,,,,,,,,,12505.994140625,,,,,,,16282.8671875
15360.2265625,,,,,,,9749.1474609375,,,,,,,,,12778.814453125,,,,,,,16479.3203125,,,,,,,,,,,,,,,,,12529.9091796875,,,,,,,16290.94140625
15377.13671875,,,,,,,9758.4287109375,,,,,,,,,12804.861328125,,,,,,,16511.103515625,,,,,,,,,,,,,,,,,12550.7255859375,,,,,,,16308.298828125
15389.615234375,,,,,,,9771.916015625,,,,,,,,,12831.4794921875,,,,,,,16483.7734375,,,,,,,,,,,,,,,,,12578.1044921875,,,,,,,16335.296875
15407.8115234375,,,,,,,9761.365234375,,,,,,,,,12863.630859375,,,,,,,16522.02734375,,,,,,,,,,,,,,,,,12600.8349609375,,,,,,,16342.263671875
15446.564453125,,,,,,,9784.0498046875,,,,,,,,,12901.716796875,,,,,,,16517.958984375,,,,,,,,,,,,,,,,,12611.87890625,,,,,,,16348.75390625
15467.37890625,,,,,,,9803.392578125,,,,,,,,,12921.1826171875,,,,,,,16538.60546875,,,,,,,,,,,,,,,,,12642.5419921875,,,,,,,16341.8857421875
15494.197265625,,,,,,,9824.212890625,,,,,,,,,12927.76171875,,,,,,,16524.041015625,,,,,,,,,,,,,,,,,12654.392578125,,,,,,,16360.1181640625
15511.34375,,,,,,,9832.609375,,,,,,,,,12975,,,,,,,16511.26171875,,,,,,,,,,,,,,,,,12700.529296875,,,,,,,16360.775390625
15529,,,,,,,9844.26953125,,,,,,,,,12997.771484375,,,,,,,16521.11328125,,,,,,,,,,,,,,,,,12697.50390625,,,,,,,16377.14453125
15537.072265625,,,,,,,9848.451171875,,,,,,,,,12999.3076171875,,,,,,,16534.595703125,,,,,,,,,,,,,,,,,12727.064453125,,,,,,,16389.3359375
15583.0771484375,,,,,,,9838.927734375,,,,,,,,,13031.384765625,,,,,,,16507.25390625,,,,,,,,,,,,,,,,,12743.0361328125,,,,,,,16428.216796875
15612.978515625,,,,,,,9885.8701171875,,,,,,,,,13065.244140625,,,,,,,16542.7734375,,,,,,,,,,,,,,,,,12806.396484375,,,,,,,16455.109375
15612.8125,,,,,,,9870.6064453125,,,,,,,,,13108.546875,,,,,,,16530.197265625,,,,,,,,,,,,,,,,,12815.1806640625,,,,,,,16462.6015625
15634.4013671875,,,,,,,9908.501953125,,,,,,,,,13097.810546875,,,,,,,16557.580078125,,,,,,,,,,,,,,,,,12842.640625,,,,,,,16470.353515625
15658.322265625,,,,,,,9913.767578125,,,,,,,,,13106.416015625,,,,,,,16510.611328125,,,,,,,,,,,,,,,,,12842.681640625,,,,,,,16471.73828125
15679.3125,,,,,,,9910.3828125,,,,,,,,,13149.2568359375,,,,,,,16538.23046875,,,,,,,,,,,,,,,,,12854.171875,,,,,,,16465.46875
15685.083984375,,,,,,,9942.453125,,,,,,,,,13156.5517578125,,,,,,,16534.00390625,,,,,,,,,,,,,,,,,12888,,,,,,,16476.81640625
15715.775390625,,,,,,,9921.14453125,,,,,,,,,13195.568359375,,,,,,,16461.728515625,,,,,,,,,,,,,,,,,12939.33984375,,,,,,,16428.099609375
15733.1533203125,,,,,,,9937.205078125,,,,,,,,,13214.4287109375,,,,,,,16517.826171875,,,,,,,,,,,,,,,,,12918.21875,,,,,,,16480.478515625
15742.4619140625,,,,,,,9954.08984375,,,,,,,,,13225.0732421875,,,,,,,16505.125,,,,,,,,,,,,,,,,,12950.0908203125,,,,,,,16478.107421875
15786.353515625,,,,,,,9978.9912109375,,,,,,,,,13267.7138671875,,,,,,,16565.513671875,,,,,,,,,,,,,,,,,12977.765625,,,,,,,16516.724609375
15782.423828125,,,,,,,9964.7392578125,,,,,,,,,13282.810546875,,,,,,,16497.453125,,,,,,,,,,,,,,,,,13011.1201171875,,,,,,,16475.396484375
15803.8466796875,,,,,,,9994.529296875,,,,,,,,,13271.583984375,,,,,,,16437.626953125,,,,,,,,,,,,,,,,,13032.455078125,,,,,,,16471.35546875
15815.021484375,,,,,,,10015.3564453125,,,,,,,,,13349.2421875,,,,,,,16447.154296875,,,,,,,,,,,,,,,,,13066.400390625,,,,,,,16506.169921875
15829.4912109375,,,,,,,10021.640625,,,,,,,,,13320.26953125,,,,,,,16464.25,,,,,,,,,,,,,,,,,13081.1484375,,,,,,,16622.3515625
15868.037109375,,,,,,,10003.046875,,,,,,,,,13358.6083984375,,,,,,,16506.4296875,,,,,,,,,,,,,,,,,13077.86328125,,,,,,,16523.5
15896.1376953125,,,,,,,10030.185546875,,,,,,,,,13414.1572265625,,,,,,,16481.10546875,,,,,,,,,,,,,,,,,13087.658203125,,,,,,,16531.96484375
15891.7353515625,,,,,,,10047.26171875,,,,,,,,,13402.28125,,,,,,,16485.68359375,,,,,,,,,,,,,,,,,13089.341796875,,,,,,,16536.478515625
15917.494140625,,,,,,,10030.50390625,,,,,,,,,13434.0283203125,,,,,,,16488.6015625,,,,,,,,,,,,,,,,,13122.5859375,,,,,,,16526.365234375
15951.3759765625,,,,,,,10063.3984375,,,,,,,,,13455.298828125,,,,,,,16487.306640625,,,,,,,,,,,,,,,,,13154.9619140625,,,,,,,16547.033203125
15944.8193359375,,,,,,,10058.173828125,,,,,,,,,13466.19921875,,,,,,,16477.296875,,,,,,,,,,,,,,,,,13180.84375,,,,,,,16582.3359375
15968.2294921875,,,,,,,10063.0771484375,,,,,,,,,13489.5703125,,,,,,,16493.541015625,,,,,,,,,,,,,,,,,13191.701171875,,,,,,,16588.83203125
15992.52734375,,,,,,,10083.1708984375,,,,,,,,,13531.6474609375,,,,,,,16442.37890625,,,,,,,,,,,,,,,,,13223.294921875,,,,,,,16586.546875
16010.013671875,,,,,,,10083.013671875,,,,,,,,,13546.8408203125,,,,,,,16440.7734375,,,,,,,,,,,,,,,,,13241.78125,,,,,,,16605.984375
16033.587890625,,,,,,,10079.603515625,,,,,,,,,13565.416015625,,,,,,,16431.970703125,,,,,,,,,,,,,,,,,13245.45703125,,,,,,,16600.82421875
16060.4443359375,,,,,,,10086.02734375,,,,,,,,,13601.513671875,,,,,,,16469.37890625,,,,,,,,,,,,,,,,,13239.05859375,,,,,,,16611.06640625
16058.2119140625,,,,,,,10117.744140625,,,,,,,,,13602.640625,,,,,,,16414.798828125,,,,,,,,,,,,,,,,,13277.7392578125,,,,,,,16616.296875
16071.162109375,,,,,,,10117.900390625,,,,,,,,,13590.5478515625,,,,,,,16439.95703125,,,,,,,,,,,,,,,,,13282.09765625,,,,,,,16609.544921875
16109.228515625,,,,,,,10121.447265625,,,,,,,,,13677.955078125,,,,,,,16428.703125,,,,,,,,,,,,,,,,,13320.5625,,,,,,,16602.65234375
16112.171875,,,,,,,10144.2822265625,,,,,,,,,13687.66015625,,,,,,,16401.39453125,,,,,,,,,,,,,,,,,13357.69921875,,,,,,,16649.1875
16121.0986328125,,,,,,,10157.259765625,,,,,,,,,13680.1923828125,,,,,,,16396.482421875,,,,,,,,,,,,,,,,,13358.9189453125,,,,,,,16636.896484375
16145.3359375,,,,,,,10157.4619140625,,,,,,,,,13680.943359375,,,,,,,16422.5,,,,,,,,,,,,,,,,,13378.08984375,,,,,,,16648.939453125
16148.119140625,,,,,,,10160.5908203125,,,,,,,,,13690.224609375,,,,,,,16404.8515625,,,,,,,,,,,,,,,,,13389.09375,,,,,,,16672.609375
16183.84375,,,,,,,10172.029296875,,,,,,,,,13747.3916015625,,,,,,,16431.02734375,,,,,,,,,,,,,,,,,13435.46484375,,,,,,,16653.169921875
16175.375,,,,,,,10178.4892578125,,,,,,,,,13730.8544921875,,,,,,,16410.662109375,,,,,,,,,,,,,,,,,13451.455078125,,,,,,,16655.0625
16209.5537109375,,,,,,,10184.6826171875,,,,,,,,,13786.41796875,,,,,,,16380.09765625,,,,,,,,,,,,,,,,,13431.375,,,,,,,16656.078125
16225.82421875,,,,,,,10194.12890625,,,,,,,,,13783.267578125,,,,,,,16396.49609375,,,,,,,,,,,,,,,,,13468.71484375,,,,,,,16636.462890625
16218.333984375,,,,,,,10192.22265625,,,,,,,,,13806.8662109375,,,,,,,16402.37109375,,,,,,,,,,,,,,,,,13466.5244140625,,,,,,,16703.1171875
16248.9892578125,,,,,,,10213.7998046875,,,,,,,,,13849.466796875,,,,,,,16397.166015625,,,,,,,,,,,,,,,,,13535.228515625,,,,,,,16679.94921875
16280.9921875,,,,,,,10221.37109375,,,,,,,,,13863.203125,,,,,,,16391.90234375,,,,,,,,,,,,,,,,,13546.671875,,,,,,,16671.205078125
16289.3955078125,,,,,,,10217.205078125,,,,,,,,,13878.111328125,,,,,,,16368.5,,,,,,,,,,,,,,,,,13565.46484375,,,,,,,16702.90234375
16290.853515625,,,,,,,10213.607421875,,,,,,,,,13908.1728515625,,,,,,,16407.361328125,,,,,,,,,,,,,,,,,13582.7041015625,,,,,,,16695.578125
16310.5732421875,,,,,,,10227.236328125,,,,,,,,,13958.1484375,,,,,,,16423.669921875,,,,,,,,,,,,,,,,,13593.6240234375,,,,,,,16703.755859375
16345.4296875,,,,,,,10240.626953125,,,,,,,,,13949.154296875,,,,,,,16409.203125,,,,,,,,,,,,,,,,,13623.9814453125,,,,,,,16714.890625
16344.3193359375,,,,,,,10255.05078125,,,,,,,,,13958.458984375,,,,,,,16402.447265625,,,,,,,,,,,,,,,,,13627.3271484375,,,,,,,16704.216796875
16350.3486328125,,,,,,,10264.1943359375,,,,,,,,,13996.685546875,,,,,,,16385.421875,,,,,,,,,,,,,,,,,13654.546875,,,,,,,16721.798828125
16382.552734375,,,,,,,10275.6904296875,,,,,,,,,14004.916015625,,,,,,,16385.3203125,,,,,,,,,,,,,,,,,13674.484375,,,,,,,16738.33203125
16379.791015625,,,,,,,10265.4580078125,,,,,,,,,14019.59375,,,,,,,16394.65234375,,,,,,,,,,,,,,,,,13706.8349609375,,,,,,,16739.3671875
16383.3125,,,,,,,10249.2197265625,,,,,,,,,14022.431640625,,,,,,,16381.775390625,,,,,,,,,,,,,,,,,13724.6640625,,,,,,,16738.9609375
16403.962890625,,,,,,,10263.6015625,,,,,,,,,14044.1953125,,,,,,,16386.095703125,,,,,,,,,,,,,,,,,13717.28515625,,,,,,,16736.984375
16415.6953125,,,,,,,10264.744140625,,,,,,,,,14074.9580078125,,,,,,,16365.2890625,,,,,,,,,,,,,,,,,13751.6982421875,,,,,,,16755.9296875
16442.765625,,,,,,,10277.1640625,,,,,,,,,14086.4091796875,,,,,,,16381.431640625,,,,,,,,,,,,,,,,,13788.3359375,,,,,,,16758.548828125
16436.296875,,,,,,,10290.193359375,,,,,,,,,14107.2734375,,,,,,,16363.357421875,,,,,,,,,,,,,,,,,13796.1376953125,,,,,,,16790.1328125
16476.55859375,,,,,,,10308.98828125,,,,,,,,,14133.6240234375,,,,,,,16374.8876953125,,,,,,,,,,,,,,,,,13818.0751953125,,,,,,,16773.6015625
16487.701171875,,,,,,,10299.7265625,,,,,,,,,14158.58984375,,,,,,,16384.1171875,,,,,,,,,,,,,,,,,13842.52734375,,,,,,,16797.9140625
16497.0859375,,,,,,,10319.984375,,,,,,,,,14172.703125,,,,,,,16377.296875,,,,,,,,,,,,,,,,,13872.4208984375,,,,,,,16810.943359375
16512.091796875,,,,,,,10318.70703125,,,,,,,,,14155.220703125,,,,,,,16373.4580078125,,,,,,,,,,,,,,,,,13880.91015625,,,,,,,16817.009765625
16513.4921875,,,,,,,10312.11328125,,,,,,,,,14190.0029296875,,,,,,,16377.3916015625,,,,,,,,,,,,,,,,,13875.2451171875,,,,,,,16801.2265625
16536.505859375,,,,,,,10326.15234375,,,,,,,,,14212.1025390625,,,,,,,16339.0947265625,,,,,,,,,,,,,,,,,13925.203125,,,,,,,16801.77734375
16525.796875,,,,,,,10307.8203125,,,,,,,,,14234.6455078125,,,,,,,16332.322265625,,,,,,,,,,,,,,,,,13911.154296875,,,,,,,16795.87109375
16560.7578125,,,,,,,10325.6943359375,,,,,,,,,14267.0888671875,,,,,,,16360.4638671875,,,,,,,,,,,,,,,,,13939.50390625,,,,,,,16804.181640625
16556.208984375,,,,,,,10330.8056640625,,,,,,,,,14251.70703125,,,,,,,16377.0595703125,,,,,,,,,,,,,,,,,13969.71484375,,,,,,,16835.482421875
16592.35546875,,,,,,,10339.986328125,,,,,,,,,14282.4892578125,,,,,,,16386.3515625,,,,,,,,,,,,,,,,,13986.859375,,,,,,,16860.515625
16585.22265625,,,,,,,10356.30078125,,,,,,,,,14303.4345703125,,,,,,,16386.396484375,,,,,,,,,,,,,,,,,14001.888671875,,,,,,,16848.546875
16608.369140625,,,,,,,10334.009765625,,,,,,,,,14314.16015625,,,,,,,16388.25390625,,,,,,,,,,,,,,,,,14036.2109375,,,,,,,16847.23828125
16617.9375,,,,,,,10366.7587890625,,,,,,,,,14329.8955078125,,,,,,,16371.033203125,,,,,,,,,,,,,,,,,14049.328125,,,,,,,16841.2734375
16641.16015625,,,,,,,10344.5703125,,,,,,,,,14355.150390625,,,,,,,16396.08984375,,,,,,,,,,,,,,,,,14060.126953125,,,,,,,16878.560546875
16646.30859375,,,,,,,10348.599609375,,,,,,,,,14360.31640625,,,,,,,16395.56640625,,,,,,,,,,,,,,,,,14104.3828125,,,,,,,16870.232421875
16682.3984375,,,,,,,10354.939453125,,,,,,,,,14364.2216796875,,,,,,,16400.681640625,,,,,,,,,,,,,,,,,14100.48828125,,,,,,,16893.29296875
16679.40234375,,,,,,,10356.7333984375,,,,,,,,,14412.509765625,,,,,,,16404.208984375,,,,,,,,,,,,,,,,,14123.376953125,,,,,,,16867.865234375
16678.994140625,,,,,,,10372.8359375,,,,,,,,,14443.953125,,,,,,,16405.671875,,,,,,,,,,,,,,,,,14131.494140625,,,,,,,16885.47265625
16713.361328125,,,,,,,10371.9765625,,,,,,,,,14445.755859375,,,,,,,16392.140625,,,,,,,,,,,,,,,,,14157.2099609375,,,,,,,16895.259765625
16701.53515625,,,,,,,10377.4501953125,,,,,,,,,14444.12109375,,,,,,,16384.4140625,,,,,,,,,,,,,,,,,14178.1875,,,,,,,16915.845703125
16700.322265625,,,,,,,10359.56640625,,,,,,,,,14436.2666015625,,,,,,,16322.546875,,,,,,,,,,,,,,,,,14216.1240234375,,,,,,,16866.146484375
16728.99609375,,,,,,,10374.56640625,,,,,,,,,14460.150390625,,,,,,,16331.63671875,,,,,,,,,,,,,,,,,14209.5576171875,,,,,,,16855.041015625
16732.193359375,,,,,,,10399.740234375,,,,,,,,,14508.408203125,,,,,,,16320.1416015625,,,,,,,,,,,,,,,,,14233.7548828125,,,,,,,16870.29296875
16752.037109375,,,,,,,10372.650390625,,,,,,,,,14522.9609375,,,,,,,16344.8310546875,,,,,,,,,,,,,,,,,14263.9287109375,,,,,,,16884.669921875
16779.87890625,,,,,,,10390.900390625,,,,,,,,,14519.27734375,,,,,,,16401.810546875,,,,,,,,,,,,,,,,,14248.5087890625,,,,,,,16916.140625
16781.513671875,,,,,,,10405.3740234375,,,,,,,,,14526.8134765625,,,,,,,16386.2109375,,,,,,,,,,,,,,,,,14286.96484375,,,,,,,16916.08203125
16794.576171875,,,,,,,10419.650390625,,,,,,,,,14539.5263671875,,,,,,,16383.8154296875,,,,,,,,,,,,,,,,,14305.4716796875,,,,,,,16964.6171875
16792.306640625,,,,,,,10396.1328125,,,,,,,,,14582.5576171875,,,,,,,16370.322265625,,,,,,,,,,,,,,,,,14307.6533203125,,,,,,,16944.1015625
16805.587890625,,,,,,,10399.7802734375,,,,,,,,,14563.5810546875,,,,,,,16384.041015625,,,,,,,,,,,,,,,,,14330.96875,,,,,,,16958.533203125
16818.08984375,,,,,,,10413.328125,,,,,,,,,14601.5703125,,,,,,,16377.1396484375,,,,,,,,,,,,,,,,,14347.994140625,,,,,,,16979.14453125
16830.404296875,,,,,,,10406.69140625,,,,,,,,,14626.9990234375,,,,,,,16379.3564453125,,,,,,,,,,,,,,,,,14347.1083984375,,,,,,,16988.970703125
16853.83984375,,,,,,,10433.0625,,,,,,,,,14620.7099609375,,,,,,,16376.7861328125,,,,,,,,,,,,,,,,,14374.064453125,,,,,,,16975.240234375
16867.91015625,,,,,,,10427.498046875,,,,,,,,,14638.5751953125,,,,,,,16388.2109375,,,,,,,,,,,,,,,,,14392.6806640625,,,,,,,16971.76953125
16866.626953125,,,,,,,10430.38671875,,,,,,,,,14658.93359375,,,,,,,16386.439453125,,,,,,,,,,,,,,,,,14409.068359375,,,,,,,17011.5859375
16895.513671875,,,,,,,10417.064453125,,,,,,,,,14679.021484375,,,,,,,16400.90234375,,,,,,,,,,,,,,,,,14440.2109375,,,,,,,17013.2265625
16879.765625,,,,,,,10428.966796875,,,,,,,,,14669.609375,,,,,,,16397.537109375,,,,,,,,,,,,,,,,,14431.35546875,,,,,,,16998.57421875
16898.505859375,,,,,,,10439.078125,,,,,,,,,14694.609375,,,,,,,16392.150390625,,,,,,,,,,,,,,,,,14471.6611328125,,,,,,,17020.822265625
16927.009765625,,,,,,,10435.138671875,,,,,,,,,14722.453125,,,,,,,16405.0078125,,,,,,,,,,,,,,,,,14482.37109375,,,,,,,17027.08203125
16940.62109375,,,,,,,10453.0966796875,,,,,,,,,14756.921875,,,,,,,16397.59375,,,,,,,,,,,,,,,,,14500.8154296875,,,,,,,17040.166015625
16962.78125,,,,,,,10440.84375,,,,,,,,,14763.76953125,,,,,,,16393.306640625,,,,,,,,,,,,,,,,,14497.490234375,,,,,,,17039.84375
16959.873046875,,,,,,,10464.31640625,,,,,,,,,14767.9775390625,,,,,,,16416.69921875,,,,,,,,,,,,,,,,,14544.705078125,,,,,,,17056.744140625
16972.689453125,,,,,,,10440.8935546875,,,,,,,,,14771.791015625,,,,,,,16420.859375,,,,,,,,,,,,,,,,,14561.509765625,,,,,,,17054.05859375
16996.802734375,,,,,,,10468.91015625,,,,,,,,,14806.267578125,,,,,,,16397.517578125,,,,,,,,,,,,,,,,,14571.435546875,,,,,,,17038.28515625
16995.71484375,,,,,,,10453.591796875,,,,,,,,,14810.0673828125,,,,,,,16422.6640625,,,,,,,,,,,,,,,,,14583.349609375,,,,,,,17066.23046875
17015.1171875,,,,,,,10458.0654296875,,,,,,,,,14850.646484375,,,,,,,16430.71484375,,,,,,,,,,,,,,,,,14618.037109375,,,,,,,17085.546875
17010.576171875,,,,,,,10436.12109375,,,,,,,,,14852.291015625,,,,,,,16396.052734375,,,,,,,,,,,,,,,,,14658.158203125,,,,,,,17020.66796875
17046.90625,,,,,,,10469.232421875,,,,,,,,,14876.400390625,,,,,,,16352.5625,,,,,,,,,,,,,,,,,14655.556640625,,,,,,,17032.3125
17035.8046875,,,,,,,10477.361328125,,,,,,,,,14883.8564453125,,,,,,,16352.654296875,,,,,,,,,,,,,,,,,14707.84765625,,,,,,,17026.083984375
17043.572265625,,,,,,,10482.251953125,,,,,,,,,14889.5458984375,,,,,,,16436.166015625,,,,,,,,,,,,,,,,,14672.3984375,,,,,,,17086.0390625
17073.27734375,,,,,,,10475.318359375,,,,,,,,,14890.61328125,,,,,,,16412.224609375,,,,,,,,,,,,,,,,,14702.7021484375,,,,,,,17108.10546875
17077.52734375,,,,,,,10482.3515625,,,,,,,,,14935.580078125,,,,,,,16429.943359375,,,,,,,,,,,,,,,,,14717.1396484375,,,,,,,17124.83203125
17094.76953125,,,,,,,10467.16796875,,,,,,,,,14948.88671875,,,,,,,16413.498046875,,,,,,,,,,,,,,,,,14728.599609375,,,,,,,17113.103515625
17119.08203125,,,,,,,10487.0400390625,,,,,,,,,14973.5263671875,,,,,,,16430.59765625,,,,,,,,,,,,,,,,,14749.3564453125,,,,,,,17120.736328125
17121.00390625,,,,,,,10505.140625,,,,,,,,,14980.1953125,,,,,,,16433.564453125,,,,,,,,,,,,,,,,,14761.3056640625,,,,,,,17128.744140625
17123.94140625,,,,,,,10483.609375,,,,,,,,,15012.8603515625,,,,,,,16432.6953125,,,,,,,,,,,,,,,,,14778.904296875,,,,,,,17118.0390625
17148.083984375,,,,,,,10502.494140625,,,,,,,,,15020.62109375,,,,,,,16417.759765625,,,,,,,,,,,,,,,,,14817.43359375,,,,,,,17124.7890625
17126.24609375,,,,,,,10498.3232421875,,,,,,,,,15074.5166015625,,,,,,,16422.19140625,,,,,,,,,,,,,,,,,14808.298828125,,,,,,,17118.291015625
17159.876953125,,,,,,,10515.7099609375,,,,,,,,,15045.806640625,,,,,,,16402.18359375,,,,,,,,,,,,,,,,,14828.12890625,,,,,,,17131.611328125
17157.0234375,,,,,,,10532.994140625,,,,,,,,,15065.107421875,,,,,,,16393.56640625,,,,,,,,,,,,,,,,,14852.16015625,,,,,,,17147.78125
17192.923828125,,,,,,,10526.6015625,,,,,,,,,15095.439453125,,,,,,,16394.40625,,,,,,,,,,,,,,,,,14865.69921875,,,,,,,17159.451171875
17186.96484375,,,,,,,10526.9921875,,,,,,,,,15071.5146484375,,,,,,,16403.4453125,,,,,,,,,,,,,,,,,14887.9970703125,,,,,,,17182.28125
17215.34375,,,,,,,10524.0703125,,,,,,,,,15086.849609375,,,,,,,16400.283203125,,,,,,,,,,,,,,,,,14896,,,,,,,17196.455078125
17213.58203125,,,,,,,10532.421875,,,,,,,,,15129.162109375,,,,,,,16388.42578125,,,,,,,,,,,,,,,,,14937.1748046875,,,,,,,17184.0859375
17240.87109375,,,,,,,10520.146484375,,,,,,,,,15101.603515625,,,,,,,16370.275390625,,,,,,,,,,,,,,,,,14923.873046875,,,,,,,17180.978515625
17261.87109375,,,,,,,10524.69921875,,,,,,,,,15139.5712890625,,,,,,,16375.5107421875,,,,,,,,,,,,,,,,,14947.017578125,,,,,,,17205.55078125
17270.3984375,,,,,,,10530.6904296875,,,,,,,,,15155.9921875,,,,,,,16343.6416015625,,,,,,,,,,,,,,,,,14962.734375,,,,,,,17184.2265625
17253.671875,,,,,,,10538.88671875,,,,,,,,,15206.0693359375,,,,,,,16352.412109375,,,,,,,,,,,,,,,,,14959.037109375,,,,,,,17191.96484375
17275.666015625,,,,,,,10540.90234375,,,,,,,,,15204.560546875,,,,,,,16337.751953125,,,,,,,,,,,,,,,,,14984.126953125,,,,,,,17215.802734375
17266.3359375,,,,,,,10519.91015625,,,,,,,,,15184.1552734375,,,,,,,16362.6630859375,,,,,,,,,,,,,,,,,14999.3349609375,,,,,,,17211.51171875
17295.5546875,,,,,,,10537.150390625,,,,,,,,,15215.6630859375,,,,,,,16330.5478515625,,,,,,,,,,,,,,,,,15013.900390625,,,,,,,17244.693359375
17304.3359375,,,,,,,10550.3642578125,,,,,,,,,15286.853515625,,,,,,,16329.03515625,,,,,,,,,,,,,,,,,15037.6943359375,,,,,,,17253.29296875
17320.48046875,,,,,,,10561.8994140625,,,,,,,,,15280.5986328125,,,,,,,16385.05078125,,,,,,,,,,,,,,,,,15079.298828125,,,,,,,17264.751953125
17302.2578125,,,,,,,10572.2568359375,,,,,,,,,15284.068359375,,,,,,,16321.23046875,,,,,,,,,,,,,,,,,15073.798828125,,,,,,,17261.25
17309.396484375,,,,,,,10551.73828125,,,,,,,,,15323.751953125,,,,,,,16318.4384765625,,,,,,,,,,,,,,,,,15091.9169921875,,,,,,,17234.37109375
17370.484375,,,,,,,10575.623046875,,,,,,,,,15319.0537109375,,,,,,,16345.30859375,,,,,,,,,,,,,,,,,15104.349609375,,,,,,,17271.3359375
17361.1796875,,,,,,,10581.2373046875,,,,,,,,,15326.08203125,,,,,,,16333.2646484375,,,,,,,,,,,,,,,,,15109.7568359375,,,,,,,17266.154296875
17381.962890625,,,,,,,10579.326171875,,,,,,,,,15365.2099609375,,,,,,,16358.0908203125,,,,,,,,,,,,,,,,,15151.8115234375,,,,,,,17304.109375
17411.494140625,,,,,,,10586.158203125,,,,,,,,,15388.056640625,,,,,,,16336.5390625,,,,,,,,,,,,,,,,,15158.984375,,,,,,,17271.17578125
17399.060546875,,,,,,,10577.3681640625,,,,,,,,,15400.0390625,,,,,,,16340.0205078125,,,,,,,,,,,,,,,,,15182.4345703125,,,,,,,17273.021484375
17403.263671875,,,,,,,10579.72265625,,,,,,,,,15431.052734375,,,,,,,16345.2373046875,,,,,,,,,,,,,,,,,15184.10546875,,,,,,,17307.416015625
17421.9453125,,,,,,,10606.5078125,,,,,,,,,15421.181640625,,,,,,,16330.552734375,,,,,,,,,,,,,,,,,15194.3408203125,,,,,,,17320.60546875
17449.583984375,,,,,,,10590.6806640625,,,,,,,,,15434.6083984375,,,,,,,16347.033203125,,,,,,,,,,,,,,,,,15231.6953125,,,,,,,17343.02734375
17438.419921875,,,,,,,10620.8642578125,,,,,,,,,15470.3994140625,,,,,,,16323.615234375,,,,,,,,,,,,,,,,,15233.9404296875,,,,,,,17328.427734375
17467.51171875,,,,,,,10600.001953125,,,,,,,,,15481.9736328125,,,,,,,16324.9990234375,,,,,,,,,,,,,,,,,15245.58203125,,,,,,,17336.64453125
17485.263671875,,,,,,,10615.3203125,,,,,,,,,15526.9423828125,,,,,,,16320.4560546875,,,,,,,,,,,,,,,,,15266.115234375,,,,,,,17329.337890625
17481.6171875,,,,,,,10615.6318359375,,,,,,,,,15539.0283203125,,,,,,,16301.8388671875,,,,,,,,,,,,,,,,,15298.56640625,,,,,,,17333.708984375
17488.08203125,,,,,,,10618.8271484375,,,,,,,,,15520.212890625,,,,,,,16334.1171875,,,,,,,,,,,,,,,,,15326.578125,,,,,,,17345.3203125
17504.521484375,,,,,,,10614.5654296875,,,,,,,,,15554.859375,,,,,,,16321.90234375,,,,,,,,,,,,,,,,,15336.318359375,,,,,,,17360.9765625
17533.615234375,,,,,,,10629.04296875,,,,,,,,,15557.1591796875,,,,,,,16312.095703125,,,,,,,,,,,,,,,,,15346.7412109375,,,,,,,17368.732421875
17526.775390625,,,,,,,10628.01171875,,,,,,,,,15549.3330078125,,,,,,,16335.099609375,,,,,,,,,,,,,,,,,15340.564453125,,,,,,,17393.755859375
17556.078125,,,,,,,10621.572265625,,,,,,,,,15568.7880859375,,,,,,,16315.34765625,,,,,,,,,,,,,,,,,15401.5712890625,,,,,,,17387.9609375
17552.7890625,,,,,,,10647.70703125,,,,,,,,,15600.84765625,,,,,,,16319.0029296875,,,,,,,,,,,,,,,,,15380.0078125,,,,,,,17404.16796875
17569.13671875,,,,,,,10634.7890625,,,,,,,,,15629.9482421875,,,,,,,16329.1396484375,,,,,,,,,,,,,,,,,15404.2724609375,,,,,,,17400.099609375
17583.39453125,,,,,,,10645.7548828125,,,,,,,,,15632.6650390625,,,,,,,16323.90625,,,,,,,,,,,,,,,,,15439.9755859375,,,,,,,17418.876953125
17580.8359375,,,,,,,10647.0029296875,,,,,,,,,15638.828125,,,,,,,16319.267578125,,,,,,,,,,,,,,,,,15439.4921875,,,,,,,17411.2109375
17606.751953125,,,,,,,10636.513671875,,,,,,,,,15643.0302734375,,,,,,,16319.2978515625,,,,,,,,,,,,,,,,,15455.3525390625,,,,,,,17410.2265625
17594.83984375,,,,,,,10655.046875,,,,,,,,,15668.904296875,,,,,,,16303.6328125,,,,,,,,,,,,,,,,,15473.638671875,,,,,,,17446.61328125
17615.4140625,,,,,,,10666.275390625,,,,,,,,,15696.8671875,,,,,,,16303.98046875,,,,,,,,,,,,,,,,,15476.3408203125,,,,,,,17437.390625
17616.599609375,,,,,,,10666.7490234375,,,,,,,,,15727.7392578125,,,,,,,16305.6494140625,,,,,,,,,,,,,,,,,15487.193359375,,,,,,,17441.537109375
17645.07421875,,,,,,,10676.083984375,,,,,,,,,15710.181640625,,,,,,,16298.1005859375,,,,,,,,,,,,,,,,,15529.2685546875,,,,,,,17455.11328125
17634.61328125,,,,,,,10691.3779296875,,,,,,,,,15742.171875,,,,,,,16302.4345703125,,,,,,,,,,,,,,,,,15528.6025390625,,,,,,,17457.470703125
17673.1796875,,,,,,,10660.74609375,,,,,,,,,15760.0849609375,,,,,,,16295.62890625,,,,,,,,,,,,,,,,,15535.556640625,,,,,,,17443.52734375
17689.0546875,,,,,,,10688.2001953125,,,,,,,,,15772.0126953125,,,,,,,16323.6689453125,,,,,,,,,,,,,,,,,15561.80078125,,,,,,,17440.095703125
17706.9921875,,,,,,,10674.197265625,,,,,,,,,15764.34765625,,,,,,,16272.001953125,,,,,,,,,,,,,,,,,15583.515625,,,,,,,17402.904296875
17722.447265625,,,,,,,10681.01953125,,,,,,,,,15808.046875,,,,,,,16324.3447265625,,,,,,,,,,,,,,,,,15562.20703125,,,,,,,17455.052734375
17728.994140625,,,,,,,10679.203125,,,,,,,,,15802.2568359375,,,,,,,16314.4365234375,,,,,,,,,,,,,,,,,15600.8662109375,,,,,,,17463.05078125
17716.39453125,,,,,,,10692.267578125,,,,,,,,,15829.568359375,,,,,,,16343.4833984375,,,,,,,,,,,,,,,,,15596.5712890625,,,,,,,17492.234375
17752.494140625,,,,,,,10723.310546875,,,,,,,,,15837.923828125,,,,,,,16331.28515625,,,,,,,,,,,,,,,,,15608.7255859375,,,,,,,17465.017578125
17740.255859375,,,,,,,10708.064453125,,,,,,,,,15864.068359375,,,,,,,16348.77734375,,,,,,,,,,,,,,,,,15638.603515625,,,,,,,17476.69921875
17771.4921875,,,,,,,10697.892578125,,,,,,,,,15874.4111328125,,,,,,,16346.044921875,,,,,,,,,,,,,,,,,15626.6611328125,,,,,,,17488.748046875
17758.439453125,,,,,,,10682.9765625,,,,,,,,,15906.0078125,,,,,,,16357.552734375,,,,,,,,,,,,,,,,,15656.5244140625,,,,,,,17461.83203125
17772.529296875,,,,,,,10704.119140625,,,,,,,,,15908.7294921875,,,,,,,16351.20703125,,,,,,,,,,,,,,,,,15683.4326171875,,,,,,,17468.830078125
17804.873046875,,,,,,,10713.607421875,,,,,,,,,15951.068359375,,,,,,,16372.994140625,,,,,,,,,,,,,,,,,15664.34765625,,,,,,,17499.447265625
17810.18359375,,,,,,,10704.482421875,,,,,,,,,15947.119140625,,,,,,,16357.2587890625,,,,,,,,,,,,,,,,,15708.654296875,,,,,,,17476.33203125
17810.845703125,,,,,,,10711.451171875,,,,,,,,,15951.3193359375,,,,,,,16372.798828125,,,,,,,,,,,,,,,,,15721.80078125,,,,,,,17506.1875
17834.3828125,,,,,,,10700.341796875,,,,,,,,,15964.646484375,,,,,,,16381.123046875,,,,,,,,,,,,,,,,,15746.76953125,,,,,,,17514.99609375
17829,,,,,,,10711.69140625,,,,,,,,,15955.1396484375,,,,,,,16380.7314453125,,,,,,,,,,,,,,,,,15742.3076171875,,,,,,,17550.70703125
17865.86328125,,,,,,,10709.5390625,,,,,,,,,15992.7763671875,,,,,,,16393.220703125,,,,,,,,,,,,,,,,,15764.251953125,,,,,,,17553.521484375
17879.078125,,,,,,,10741.294921875,,,,,,,,,16040.87890625,,,,,,,16384.001953125,,,,,,,,,,,,,,,,,15795.4755859375,,,,,,,17553.0078125
17885.37890625,,,,,,,10725.2578125,,,,,,,,,16068.4892578125,,,,,,,16409.486328125,,,,,,,,,,,,,,,,,15797.9140625,,,,,,,17559.109375
17884.12109375,,,,,,,10736.1484375,,,,,,,,,16064.6826171875,,,,,,,16417.015625,,,,,,,,,,,,,,,,,15796.57421875,,,,,,,17561.513671875
17896.21484375,,,,,,,10746.7392578125,,,,,,,,,16081.06640625,,,,,,,16424.41796875,,,,,,,,,,,,,,,,,15832.59375,,,,,,,17544.80859375
17900.390625,,,,,,,10752.193359375,,,,,,,,,16077.8828125,,,,,,,16428.330078125,,,,,,,,,,,,,,,,,15826.4736328125,,,,,,,17584.162109375
17926.576171875,,,,,,,10725.046875,,,,,,,,,16137.2265625,,,,,,,16430.474609375,,,,,,,,,,,,,,,,,15839.9755859375,,,,,,,17596.189453125
17928.326171875,,,,,,,10730.9287109375,,,,,,,,,16145.3671875,,,,,,,16418.416015625,,,,,,,,,,,,,,,,,15869.666015625,,,,,,,17607.81640625
17950.16015625,,,,,,,10732.171875,,,,,,,,,16178.83984375,,,,,,,16427.5390625,,,,,,,,,,,,,,,,,15867.130859375,,,,,,,17609.224609375
17959.49609375,,,,,,,10734.9609375,,,,,,,,,16195.1953125,,,,,,,16430.248046875,,,,,,,,,,,,,,,,,15898.765625,,,,,,,17622.16796875
17975.58203125,,,,,,,10749.169921875,,,,,,,,,16193.677734375,,,,,,,16390.04296875,,,,,,,,,,,,,,,,,15884.6201171875,,,,,,,17624.103515625
17973.60546875,,,,,,,10750.064453125,,,,,,,,,16174.251953125,,,,,,,16411.185546875,,,,,,,,,,,,,,,,,15911.796875,,,,,,,17623.08984375
17989.1796875,,,,,,,10777.1787109375,,,,,,,,,16216.076171875,,,,,,,16421.8203125,,,,,,,,,,,,,,,,,15917.486328125,,,,,,,17621.478515625
17984.26953125,,,,,,,10770.7421875,,,,,,,,,16218.4580078125,,,,,,,16412.84765625,,,,,,,,,,,,,,,,,15942.9111328125,,,,,,,17624.396484375
17996.185546875,,,,,,,10767.0751953125,,,,,,,,,16223.083984375,,,,,,,16407.912109375,,,,,,,,,,,,,,,,,15965.4755859375,,,,,,,17628.5
18015.1015625,,,,,,,10757.91796875,,,,,,,,,16272.2001953125,,,,,,,16435.53515625,,,,,,,,,,,,,,,,,15976.212890625,,,,,,,17657.4453125
18023.31640625,,,,,,,10773.220703125,,,,,,,,,16285.3671875,,,,,,,16428.859375,,,,,,,,,,,,,,,,,15986.8671875,,,,,,,17673.8125
18040.0390625,,,,,,,10790.3505859375,,,,,,,,,16300.03125,,,,,,,16435.171875,,,,,,,,,,,,,,,,,16004.97265625,,,,,,,17658.62890625
18048.912109375,,,,,,,10783.10546875,,,,,,,,,16302.291015625,,,,,,,16429.919921875,,,,,,,,,,,,,,,,,16004.443359375,,,,,,,17677.2265625
18044.703125,,,,,,,10801.3955078125,,,,,,,,,16356.9169921875,,,,,,,16425.17578125,,,,,,,,,,,,,,,,,16031.640625,,,,,,,17679.53515625
18068.1328125,,,,,,,10781.2529296875,,,,,,,,,16336.1044921875,,,,,,,16466.19140625,,,,,,,,,,,,,,,,,16044.734375,,,,,,,17662.92578125
18079.44140625,,,,,,,10790.927734375,,,,,,,,,16360.9287109375,,,,,,,16455.80859375,,,,,,,,,,,,,,,,,16032.841796875,,,,,,,17685.8046875
18093.798828125,,,,,,,10787.8935546875,,,,,,,,,16326.7587890625,,,,,,,16452.80078125,,,,,,,,,,,,,,,,,16055.482421875,,,,,,,17670.943359375
18082.361328125,,,,,,,10779.494140625,,,,,,,,,16334.7861328125,,,,,,,16448.8046875,,,,,,,,,,,,,,,,,16061.896484375,,,,,,,17709.94921875
18094.3125,,,,,,,10806.919921875,,,,,,,,,16380.7802734375,,,,,,,16441.04296875,,,,,,,,,,,,,,,,,16085.912109375,,,,,,,17685.583984375
18108.81640625,,,,,,,10825.681640625,,,,,,,,,16434.33203125,,,,,,,16454.736328125,,,,,,,,,,,,,,,,,16120.45703125,,,,,,,17713.724609375
18103.3046875,,,,,,,10796.6318359375,,,,,,,,,16385.6328125,,,,,,,16445.744140625,,,,,,,,,,,,,,,,,16133.4814453125,,,,,,,17720.681640625
18128.130859375,,,,,,,10821.2626953125,,,,,,,,,16417.380859375,,,,,,,16474.681640625,,,,,,,,,,,,,,,,,16127.3359375,,,,,,,17744.7421875
18135.81640625,,,,,,,10828.955078125,,,,,,,,,16451.021484375,,,,,,,16484.236328125,,,,,,,,,,,,,,,,,16156.2236328125,,,,,,,17763.990234375
18144.78515625,,,,,,,10813.93359375,,,,,,,,,16474.970703125,,,,,,,16492.193359375,,,,,,,,,,,,,,,,,16158.7470703125,,,,,,,17730.255859375
18169.51953125,,,,,,,10810.4775390625,,,,,,,,,16469.833984375,,,,,,,16477.982421875,,,,,,,,,,,,,,,,,16144.2744140625,,,,,,,17724.845703125
18173.380859375,,,,,,,10845.9697265625,,,,,,,,,16489.3125,,,,,,,16497.595703125,,,,,,,,,,,,,,,,,16187.1171875,,,,,,,17733.490234375
18176.12109375,,,,,,,10833.45703125,,,,,,,,,16508.61328125,,,,,,,16492.8984375,,,,,,,,,,,,,,,,,16211.92578125,,,,,,,17752.7421875
18191.4375,,,,,,,10829.67578125,,,,,,,,,16506.630859375,,,,,,,16490.5234375,,,,,,,,,,,,,,,,,16200.33203125,,,,,,,17760.779296875
18187.326171875,,,,,,,10822.9267578125,,,,,,,,,16527.16796875,,,,,,,16473.6875,,,,,,,,,,,,,,,,,16222.875,,,,,,,17747.634765625
18198.6875,,,,,,,10838.884765625,,,,,,,,,16538.205078125,,,,,,,16468.43359375,,,,,,,,,,,,,,,,,16235.986328125,,,,,,,17790.56640625
18220.90625,,,,,,,10843.76171875,,,,,,,,,16555.17578125,,,,,,,16456.68359375,,,,,,,,,,,,,,,,,16246.4619140625,,,,,,,17795.58203125
18212.25390625,,,,,,,10853.0205078125,,,,,,,,,16561.529296875,,,,,,,16477.935546875,,,,,,,,,,,,,,,,,16240.158203125,,,,,,,17790.37109375
18225.86328125,,,,,,,10835.5751953125,,,,,,,,,16585.5859375,,,,,,,16495.197265625,,,,,,,,,,,,,,,,,16261.98828125,,,,,,,17800.541015625
18249.34375,,,,,,,10843.5576171875,,,,,,,,,16611.49609375,,,,,,,16483.166015625,,,,,,,,,,,,,,,,,16286.25,,,,,,,17815.400390625
18261.45703125,,,,,,,10856.2255859375,,,,,,,,,16634.32421875,,,,,,,16466.85546875,,,,,,,,,,,,,,,,,16299.7021484375,,,,,,,17795.349609375
18266.35546875,,,,,,,10846.958984375,,,,,,,,,16661.400390625,,,,,,,16464.9375,,,,,,,,,,,,,,,,,16328.5224609375,,,,,,,17801.08984375
18283.31640625,,,,,,,10863.806640625,,,,,,,,,16698.412109375,,,,,,,16455.068359375,,,,,,,,,,,,,,,,,16318.8232421875,,,,,,,17818.078125
18284.28125,,,,,,,10871.634765625,,,,,,,,,16653.076171875,,,,,,,16467.55859375,,,,,,,,,,,,,,,,,16316.1201171875,,,,,,,17828.974609375
18305.9921875,,,,,,,10865.1640625,,,,,,,,,16682.326171875,,,,,,,16473.46484375,,,,,,,,,,,,,,,,,16368.3759765625,,,,,,,17838.521484375
18320.703125,,,,,,,10884.5166015625,,,,,,,,,16712.8125,,,,,,,16432.982421875,,,,,,,,,,,,,,,,,16355.19921875,,,,,,,17826.2890625
18340.974609375,,,,,,,10893.3154296875,,,,,,,,,16720.08203125,,,,,,,16458.595703125,,,,,,,,,,,,,,,,,16389.962890625,,,,,,,17864.580078125
18346.8203125,,,,,,,10880.4140625,,,,,,,,,16746.603515625,,,,,,,16441.162109375,,,,,,,,,,,,,,,,,16381.9150390625,,,,,,,17886.8515625
18352.271484375,,,,,,,10888.767578125,,,,,,,,,16751.73046875,,,,,,,16421.255859375,,,,,,,,,,,,,,,,,16414.82421875,,,,,,,17886.08203125
18355.419921875,,,,,,,10884.78515625,,,,,,,,,16768.345703125,,,,,,,16438.361328125,,,,,,,,,,,,,,,,,16416.56640625,,,,,,,17892.48046875
18341.244140625,,,,,,,10902.150390625,,,,,,,,,16775.865234375,,,,,,,16426.513671875,,,,,,,,,,,,,,,,,16417.380859375,,,,,,,17881.61328125
18364.791015625,,,,,,,10922.951171875,,,,,,,,,16788.86328125,,,,,,,16437.51953125,,,,,,,,,,,,,,,,,16446.0390625,,,,,,,17887.74609375
18362.123046875,,,,,,,10885.40234375,,,,,,,,,16811.7265625,,,,,,,16450.15234375,,,,,,,,,,,,,,,,,16450.958984375,,,,,,,17887.87109375
18389.58984375,,,,,,,10900.625,,,,,,,,,16801.79296875,,,,,,,16450.94140625,,,,,,,,,,,,,,,,,16446.951171875,,,,,,,17895.3828125
18391.974609375,,,,,,,10900.2294921875,,,,,,,,,16810.787109375,,,,,,,16449.48828125,,,,,,,,,,,,,,,,,16463.17578125,,,,,,,17912.51171875
18403.916015625,,,,,,,10903.9716796875,,,,,,,,,16846.736328125,,,,,,,16458.845703125,,,,,,,,,,,,,,,,,16477.591796875,,,,,,,17927.5078125
18393.279296875,,,,,,,10921.6767578125,,,,,,,,,16855.744140625,,,,,,,16427.34375,,,,,,,,,,,,,,,,,16469.884765625,,,,,,,17923.5859375
18433.1328125,,,,,,,10908.1865234375,,,,,,,,,16882.353515625,,,,,,,16453.609375,,,,,,,,,,,,,,,,,16526.24609375,,,,,,,17921.04296875
18441.923828125,,,,,,,10919.857421875,,,,,,,,,16877.283203125,,,,,,,16461.4921875,,,,,,,,,,,,,,,,,16516.2734375,,,,,,,17923.1875
18452.353515625,,,,,,,10933.41015625,,,,,,,,,16892.466796875,,,,,,,16458.529296875,,,,,,,,,,,,,,,,,16525.3671875,,,,,,,17916.4765625
18465.9140625,,,,,,,10921.291015625,,,,,,,,,16903.00390625,,,,,,,16452.5078125,,,,,,,,,,,,,,,,,16534.9453125,,,,,,,17953.86328125
18456.794921875,,,,,,,10935.35546875,,,,,,,,,16920.830078125,,,,,,,16436.580078125,,,,,,,,,,,,,,,,,16540.451171875,,,,,,,17924.740234375
18469.267578125,,,,,,,10933.8125,,,,,,,,,16928.400390625,,,,,,,16441.525390625,,,,,,,,,,,,,,,,,16555.62109375,,,,,,,17944.3046875
18483.7578125,,,,,,,10917.201171875,,,,,,,,,16954.9765625,,,,,,,16445.212890625,,,,,,,,,,,,,,,,,16573.0625,,,,,,,17962.908203125
18500.318359375,,,,,,,10934.4111328125,,,,,,,,,16954.8125,,,,,,,16474.88671875,,,,,,,,,,,,,,,,,16588.521484375,,,,,,,17969.87109375
18479.603515625,,,,,,,10955.669921875,,,,,,,,,16989.76171875,,,,,,,16466.14453125,,,,,,,,,,,,,,,,,16596.08984375,,,,,,,17990.51171875
18516.458984375,,,,,,,10961.158203125,,,,,,,,,17003.07421875,,,,,,,16460.3828125,,,,,,,,,,,,,,,,,16615.546875,,,,,,,17994.205078125
18504.9765625,,,,,,,10947.36328125,,,,,,,,,17015.78515625,,,,,,,16446.85546875,,,,,,,,,,,,,,,,,16598.703125,,,,,,,17977.728515625
18497.994140625,,,,,,,10948.2001953125,,,,,,,,,17035.953125,,,,,,,16453.08203125,,,,,,,,,,,,,,,,,16642.54296875,,,,,,,17979.373046875
18542.83984375,,,,,,,10969.197265625,,,,,,,,,17054.3984375,,,,,,,16443.185546875,,,,,,,,,,,,,,,,,16655.53125,,,,,,,17991.390625
18530.15234375,,,,,,,10949.7138671875,,,,,,,,,17051.16796875,,,,,,,16448.708984375,,,,,,,,,,,,,,,,,16658.40625,,,,,,,18015
18532.09375,,,,,,,10970.3046875,,,,,,,,,17045.5234375,,,,,,,16440.6796875,,,,,,,,,,,,,,,,,16639.892578125,,,,,,,17993
18540.376953125,,,,,,,10977.7197265625,,,,,,,,,17071.0625,,,,,,,16455.400390625,,,,,,,,,,,,,,,,,16686.041015625,,,,,,,18020.5078125
18549.7578125,,,,,,,10962.109375,,,,,,,,,17088.982421875,,,,,,,16461.00390625,,,,,,,,,,,,,,,,,16692.958984375,,,,,,,18024.134765625
18570.8125,,,,,,,10986.9462890625,,,,,,,,,17120.708984375,,,,,,,16449.140625,,,,,,,,,,,,,,,,,16733.603515625,,,,,,,18038.013671875
18560.634765625,,,,,,,10988.6953125,,,,,,,,,17139.640625,,,,,,,16443.6484375,,,,,,,,,,,,,,,,,16732.32421875,,,,,,,18055.087890625
18593.5078125,,,,,,,10984.1181640625,,,,,,,,,17161.93359375,,,,,,,16441.19921875,,,,,,,,,,,,,,,,,16728.001953125,,,,,,,18075.3515625
18603.583984375,,,,,,,10987.232421875,,,,,,,,,17150.80078125,,,,,,,16431.84375,,,,,,,,,,,,,,,,,16749.37890625,,,,,,,18047.169921875
18595.294921875,,,,,,,10990.7392578125,,,,,,,,,17160.861328125,,,,,,,16446.982421875,,,,,,,,,,,,,,,,,16735.232421875,,,,,,,18052.6328125
18595.10546875,,,,,,,10997.81640625,,,,,,,,,17158.734375,,,,,,,16457.1484375,,,,,,,,,,,,,,,,,16762.310546875,,,,,,,18067.09765625
18602.91796875,,,,,,,10966.546875,,,,,,,,,17158.201171875,,,,,,,16464.8359375,,,,,,,,,,,,,,,,,16775.232421875,,,,,,,18058.109375
18613.8828125,,,,,,,10994.72265625,,,,,,,,,17208.7265625,,,,,,,16464.123046875,,,,,,,,,,,,,,,,,16776.958984375,,,,,,,18078.8125
18642.046875,,,,,,,11014.935546875,,,,,,,,,17215.103515625,,,,,,,16435.921875,,,,,,,,,,,,,,,,,16774.47265625,,,,,,,18092.072265625
18640.525390625,,,,,,,11019.044921875,,,,,,,,,17205.466796875,,,,,,,16465.46484375,,,,,,,,,,,,,,,,,16792.94140625,,,,,,,18117.88671875
18660.5625,,,,,,,10992.298828125,,,,,,,,,17237.56640625,,,,,,,16455.22265625,,,,,,,,,,,,,,,,,16812.8984375,,,,,,,18099.53125
18654.15234375,,,,,,,11002.8388671875,,,,,,,,,17242.5,,,,,,,16449.50390625,,,,,,,,,,,,,,,,,16821.802734375,,,,,,,18127.17578125
18674.5546875,,,,,,,11034.8359375,,,,,,,,,17242.54296875,,,,,,,16438.33984375,,,,,,,,,,,,,,,,,16851.333984375,,,,,,,18132.060546875
18678.81640625,,,,,,,11004.0234375,,,,,,,,,17256.220703125,,,,,,,16429.9296875,,,,,,,,,,,,,,,,,16818.048828125,,,,,,,18108.6875
18676.509765625,,,,,,,11016.806640625,,,,,,,,,17300.03515625,,,,,,,16453.923828125,,,,,,,,,,,,,,,,,16870.107421875,,,,,,,18107.8515625
18671.39453125,,,,,,,11029.337890625,,,,,,,,,17268.583984375,,,,,,,16446.76171875,,,,,,,,,,,,,,,,,16875.943359375,,,,,,,18123.78515625
18711.361328125,,,,,,,11020.423828125,,,,,,,,,17278.201171875,,,,,,,16448.76953125,,,,,,,,,,,,,,,,,16882.0703125,,,,,,,18126.62890625
18697.615234375,,,,,,,11027.607421875,,,,,,,,,17337.142578125,,,,,,,16485.533203125,,,,,,,,,,,,,,,,,16882.455078125,,,,,,,18135.0703125
18694.857421875,,,,,,,11027.1494140625,,,,,,,,,17332.673828125,,,,,,,16457.513671875,,,,,,,,,,,,,,,,,16905.13671875,,,,,,,18157.72265625
18715.2890625,,,,,,,11039.19921875,,,,,,,,,17328.146484375,,,,,,,16458.548828125,,,,,,,,,,,,,,,,,16927.841796875,,,,,,,18156.1484375
18721.140625,,,,,,,11059.953125,,,,,,,,,17380.060546875,,,,,,,16470.521484375,,,,,,,,,,,,,,,,,16937.994140625,,,,,,,18172.728515625
18725.052734375,,,,,,,11035.017578125,,,,,,,,,17376.185546875,,,,,,,16466.8828125,,,,,,,,,,,,,,,,,16949.1953125,,,,,,,18149.048828125
18762.162109375,,,,,,,11035.9990234375,,,,,,,,,17400.44140625,,,,,,,16432.337890625,,,,,,,,,,,,,,,,,16964.46875,,,,,,,18159.7890625
18748.900390625,,,,,,,11024.2275390625,,,,,,,,,17398.119140625,,,,,,,16445.599609375,,,,,,,,,,,,,,,,,16945.525390625,,,,,,,18164.291015625
18757.3125,,,,,,,11050.849609375,,,,,,,,,17416.615234375,,,,,,,16467.69140625,,,,,,,,,,,,,,,,,16968.373046875,,,,,,,18165.5390625
18753.68359375,,,,,,,11041.2412109375,,,,,,,,,17450.533203125,,,,,,,16483.998046875,,,,,,,,,,,,,,,,,17001.435546875,,,,,,,18182.275390625
18767.732421875,,,,,,,11067.2490234375,,,,,,,,,17433.30859375,,,,,,,16482.4375,,,,,,,,,,,,,,,,,17002.306640625,,,,,,,18182.86328125
18786.515625,,,,,,,11057.916015625,,,,,,,,,17473.26171875,,,,,,,16504.92578125,,,,,,,,,,,,,,,,,17005.306640625,,,,,,,18205.05859375
18779.345703125,,,,,,,11049.365234375,,,,,,,,,17460.564453125,,,,,,,16499.3671875,,,,,,,,,,,,,,,,,17044.130859375,,,,,,,18205.94140625
18796.244140625,,,,,,,11051.0859375,,,,,,,,,17504.392578125,,,,,,,16504.67578125,,,,,,,,,,,,,,,,,17031.71875,,,,,,,18191.431640625
18820.865234375,,,,,,,11070.501953125,,,,,,,,,17524.931640625,,,,,,,16532.3828125,,,,,,,,,,,,,,,,,17048.208984375,,,,,,,18194.796875
18809.0703125,,,,,,,11072.8125,,,,,,,,,17526.93359375,,,,,,,16534.197265625,,,,,,,,,,,,,,,,,17067.98828125,,,,,,,18188.87109375
18824.046875,,,,,,,11050.466796875,,,,,,,,,17593.255859375,,,,,,,16507.16015625,,,,,,,,,,,,,,,,,17060.62109375,,,,,,,18192.66796875
18841.43359375,,,,,,,11075.673828125,,,,,,,,,17561.705078125,,,,,,,16519.044921875,,,,,,,,,,,,,,,,,17089.107421875,,,,,,,18197.87109375
18823.037109375,,,,,,,11086.84765625,,,,,,,,,17561.041015625,,,,,,,16527.65234375,,,,,,,,,,,,,,,,,17079.302734375,,,,,,,18204.6953125
18837.16015625,,,,,,,11087.828125,,,,,,,,,17572.57421875,,,,,,,16504.220703125,,,,,,,,,,,,,,,,,17128.765625,,,,,,,18231.154296875
18846.05078125,,,,,,,11086.052734375,,,,,,,,,17590.19140625,,,,,,,16488.193359375,,,,,,,,,,,,,,,,,17126.578125,,,,,,,18236.1171875
18849.87109375,,,,,,,11078.9296875,,,,,,,,,17615.791015625,,,,,,,16491,,,,,,,,,,,,,,,,,17138.34765625,,,,,,,18227.677734375
18858.3359375,,,,,,,11073.4814453125,,,,,,,,,17644.302734375,,,,,,,16523.251953125,,,,,,,,,,,,,,,,,17128.771484375,,,,,,,18236.5
18882.87109375,,,,,,,11097.2109375,,,,,,,,,17661.095703125,,,,,,,16511.330078125,,,,,,,,,,,,,,,,,17160.673828125,,,,,,,18272.263671875
18881.580078125,,,,,,,11083.2509765625,,,,,,,,,17630.91015625,,,,,,,16520.998046875,,,,,,,,,,,,,,,,,17154.96875,,,,,,,18243.40625
18891.658203125,,,,,,,11107.1728515625,,,,,,,,,17693.966796875,,,,,,,16511.6953125,,,,,,,,,,,,,,,,,17173.0390625,,,,,,,18258.080078125
18880.904296875,,,,,,,11117.1630859375,,,,,,,,,17662.921875,,,,,,,16499.185546875,,,,,,,,,,,,,,,,,17208.8828125,,,,,,,18252.498046875
18898.0625,,,,,,,11101.40234375,,,,,,,,,17692.001953125,,,,,,,16508.498046875,,,,,,,,,,,,,,,,,17197.798828125,,,,,,,18248.03125
18915.2109375,,,,,,,11118.5166015625,,,,,,,,,17672.783203125,,,,,,,16536.341796875,,,,,,,,,,,,,,,,,17187.267578125,,,,,,,18271.14453125
18905.998046875,,,,,,,11127.0068359375,,,,,,,,,17704.3984375,,,,,,,16516.271484375,,,,,,,,,,,,,,,,,17229.591796875,,,,,,,18274.630859375
18907.609375,,,,,,,11115.119140625,,,,,,,,,17740.72265625,,,,,,,16527.876953125,,,,,,,,,,,,,,,,,17235.74609375,,,,,,,18289.201171875
18931.89453125,,,,,,,11123.787109375,,,,,,,,,17720.095703125,,,,,,,16521.02734375,,,,,,,,,,,,,,,,,17225.8984375,,,,,,,18285.271484375
18950.671875,,,,,,,11139.802734375,,,,,,,,,17773.427734375,,,,,,,16526.361328125,,,,,,,,,,,,,,,,,17265.044921875,,,,,,,18319.927734375
18957.685546875,,,,,,,11136.32421875,,,,,,,,,17753.4921875,,,,,,,16514.3125,,,,,,,,,,,,,,,,,17274.751953125,,,,,,,18316.169921875
18957.810546875,,,,,,,11106.01953125,,,,,,,,,17795.39453125,,,,,,,16511.998046875,,,,,,,,,,,,,,,,,17282.375,,,,,,,18305.7265625
18962.421875,,,,,,,11123.5263671875,,,,,,,,,17785.0078125,,,,,,,16523.955078125,,,,,,,,,,,,,,,,,17276.76953125,,,,,,,18291.267578125
18983.0078125,,,,,,,11130.3427734375,,,,,,,,,17840.513671875,,,,,,,16546.13671875,,,,,,,,,,,,,,,,,17309.53515625,,,,,,,18304.669921875
18980.9453125,,,,,,,11146.19921875,,,,,,,,,17828.4375,,,,,,,16524.84375,,,,,,,,,,,,,,,,,17307.93359375,,,,,,,18307.1953125
18981.73828125,,,,,,,11155.0126953125,,,,,,,,,17832.88671875,,,,,,,16544.34765625,,,,,,,,,,,,,,,,,17331.267578125,,,,,,,18323.15625
18999.36328125,,,,,,,11134.9658203125,,,,,,,,,17856.041015625,,,,,,,16552.6875,,,,,,,,,,,,,,,,,17331.828125,,,,,,,18344.984375
19016.59765625,,,,,,,11170.501953125,,,,,,,,,17856.818359375,,,,,,,16558.33203125,,,,,,,,,,,,,,,,,17348.736328125,,,,,,,18339.763671875
19016.232421875,,,,,,,11164.384765625,,,,,,,,,17870.1640625,,,,,,,16538.78515625,,,,,,,,,,,,,,,,,17354.462890625,,,,,,,18338.60546875
19033.37109375,,,,,,,11153.921875,,,,,,,,,17901.5078125,,,,,,,16543.21875,,,,,,,,,,,,,,,,,17380.712890625,,,,,,,18356.390625
19030.185546875,,,,,,,11165.8876953125,,,,,,,,,17924.4609375,,,,,,,16533.921875,,,,,,,,,,,,,,,,,17370.123046875,,,,,,,18336.75390625
19043.0546875,,,,,,,11148.919921875,,,,,,,,,17889.419921875,,,,,,,16548.412109375,,,,,,,,,,,,,,,,,17409.001953125,,,,,,,18346.03515625
19043.27734375,,,,,,,11159.13671875,,,,,,,,,17918.70703125,,,,,,,16543.60546875,,,,,,,,,,,,,,,,,17392.96484375,,,,,,,18356.15234375
19033.373046875,,,,,,,11157.8583984375,,,,,,,,,17938.244140625,,,,,,,16557.701171875,,,,,,,,,,,,,,,,,17401.525390625,,,,,,,18351.357421875
19048.767578125,,,,,,,11160.3603515625,,,,,,,,,17952.5625,,,,,,,16565.625,,,,,,,,,,,,,,,,,17432.357421875,,,,,,,18358.80859375
19075.376953125,,,,,,,11186.6953125,,,,,,,,,17966.23828125,,,,,,,16555.3125,,,,,,,,,,,,,,,,,17461.69921875,,,,,,,18355.24609375
19077.126953125,,,,,,,11185.6435546875,,,,,,,,,17946.32421875,,,,,,,16555.5078125,,,,,,,,,,,,,,,,,17443.732421875,,,,,,,18373.66796875
19077.140625,,,,,,,11178.404296875,,,,,,,,,17998.673828125,,,,,,,16569.578125,,,,,,,,,,,,,,,,,17460.181640625,,,,,,,18385.310546875
19071.04296875,,,,,,,11188.611328125,,,,,,,,,18004.02734375,,,,,,,16568.61328125,,,,,,,,,,,,,,,,,17466.19140625,,,,,,,18399.560546875
19097.068359375,,,,,,,11187.490234375,,,,,,,,,18023.92578125,,,,,,,16571.578125,,,,,,,,,,,,,,,,,17474.87890625,,,,,,,18403.03515625
19104.00390625,,,,,,,11210.263671875,,,,,,,,,18006.443359375,,,,,,,16575.2421875,,,,,,,,,,,,,,,,,17487.990234375,,,,,,,18399.98828125
19086.0625,,,,,,,11203.73828125,,,,,,,,,18057.5703125,,,,,,,16593.16796875,,,,,,,,,,,,,,,,,17492.783203125,,,,,,,18412.1484375
19117.41015625,,,,,,,11175.466796875,,,,,,,,,18035.6484375,,,,,,,16571.94921875,,,,,,,,,,,,,,,,,17505.80859375,,,,,,,18418.33984375
19100.482421875,,,,,,,11202.4853515625,,,,,,,,,18024.509765625,,,,,,,16582.40234375,,,,,,,,,,,,,,,,,17501.3671875,,,,,,,18404.681640625
19134.83984375,,,,,,,11210.8564453125,,,,,,,,,18054.974609375,,,,,,,16601.5703125,,,,,,,,,,,,,,,,,17535.408203125,,,,,,,18417.685546875
19109.734375,,,,,,,11203.548828125,,,,,,,,,18056.73828125,,,,,,,16565.43359375,,,,,,,,,,,,,,,,,17538.69140625,,,,,,,18434.2421875
19157.466796875,,,,,,,11198.0302734375,,,,,,,,,18094.40625,,,,,,,16593.630859375,,,,,,,,,,,,,,,,,17542.4140625,,,,,,,18462.91015625
19149.27734375,,,,,,,11184.4521484375,,,,,,,,,18096.447265625,,,,,,,16594.62109375,,,,,,,,,,,,,,,,,17559.638671875,,,,,,,18464.015625
19152.455078125,,,,,,,11197.4912109375,,,,,,,,,18123.345703125,,,,,,,16610.80859375,,,,,,,,,,,,,,,,,17607.126953125,,,,,,,18468.142578125
19161.078125,,,,,,,11198.2353515625,,,,,,,,,18132.16015625,,,,,,,16602.48046875,,,,,,,,,,,,,,,,,17588.9609375,,,,,,,18470.14453125
19154.55859375,,,,,,,11219.560546875,,,,,,,,,18156.166015625,,,,,,,16597.681640625,,,,,,,,,,,,,,,,,17594.94140625,,,,,,,18475.185546875
19159.0703125,,,,,,,11219.0625,,,,,,,,,18162.4453125,,,,,,,16599.498046875,,,,,,,,,,,,,,,,,17617.962890625,,,,,,,18477.490234375
19168.83984375,,,,,,,11219.3740234375,,,,,,,,,18149.15234375,,,,,,,16589.083984375,,,,,,,,,,,,,,,,,17647.57421875,,,,,,,18485.6484375
19172.44140625,,,,,,,11191.908203125,,,,,,,,,18176.359375,,,,,,,16601.876953125,,,,,,,,,,,,,,,,,17630.1875,,,,,,,18470.666015625
19188.18359375,,,,,,,11209.1103515625,,,,,,,,,18163.421875,,,,,,,16614.38671875,,,,,,,,,,,,,,,,,17633.138671875,,,,,,,18496.4296875
19206.59765625,,,,,,,11203.2919921875,,,,,,,,,18211.455078125,,,,,,,16620.26171875,,,,,,,,,,,,,,,,,17660.453125,,,,,,,18482.857421875
19216.478515625,,,,,,,11214.634765625,,,,,,,,,18225.5078125,,,,,,,16653.7421875,,,,,,,,,,,,,,,,,17657.060546875,,,,,,,18510.671875
19196.5078125,,,,,,,11221.8701171875,,,,,,,,,18191.154296875,,,,,,,16639.353515625,,,,,,,,,,,,,,,,,17698.876953125,,,,,,,18512.53125
19213.177734375,,,,,,,11219.521484375,,,,,,,,,18217.33203125,,,,,,,16652.84765625,,,,,,,,,,,,,,,,,17686.107421875,,,,,,,18518.7890625
19227.67578125,,,,,,,11236.072265625,,,,,,,,,18233.42578125,,,,,,,16624.203125,,,,,,,,,,,,,,,,,17703.609375,,,,,,,18525.51171875
19193.564453125,,,,,,,11233.8466796875,,,,,,,,,18207.748046875,,,,,,,16624.181640625,,,,,,,,,,,,,,,,,17703.78125,,,,,,,18540.109375
19218.57421875,,,,,,,11228.3232421875,,,,,,,,,18250.56640625,,,,,,,16630.505859375,,,,,,,,,,,,,,,,,17689.49609375,,,,,,,18527.15625
19262.025390625,,,,,,,11213.2734375,,,,,,,,,18224.154296875,,,,,,,16624.96875,,,,,,,,,,,,,,,,,17729.736328125,,,,,,,18530.30859375
19246.005859375,,,,,,,11237.1181640625,,,,,,,,,18277.783203125,,,,,,,16644.91796875,,,,,,,,,,,,,,,,,17760.8359375,,,,,,,18546.728515625
19256.224609375,,,,,,,11243.994140625,,,,,,,,,18275.62109375,,,,,,,16659.587890625,,,,,,,,,,,,,,,,,17759.064453125,,,,,,,18549.900390625
19272.28515625,,,,,,,11229.1279296875,,,,,,,,,18315.73046875,,,,,,,16652.734375,,,,,,,,,,,,,,,,,17787.6953125,,,,,,,18564.52734375
19291.302734375,,,,,,,11224.005859375,,,,,,,,,18304.9375,,,,,,,16659.80859375,,,,,,,,,,,,,,,,,17784.8828125,,,,,,,18548.9453125
19274.31640625,,,,,,,11236.060546875,,,,,,,,,18288.5859375,,,,,,,16674.40234375,,,,,,,,,,,,,,,,,17805.98828125,,,,,,,18574.1484375
19302.638671875,,,,,,,11252.6318359375,,,,,,,,,18330.708984375,,,,,,,16632.865234375,,,,,,,,,,,,,,,,,17815.119140625,,,,,,,18583.44921875
19318.732421875,,,,,,,11245.392578125,,,,,,,,,18336.634765625,,,,,,,16643.78125,,,,,,,,,,,,,,,,,17805.60546875,,,,,,,18580.98828125
19305.109375,,,,,,,11241.765625,,,,,,,,,18343.58984375,,,,,,,16650.859375,,,,,,,,,,,,,,,,,17814.25390625,,,,,,,18582.40625
19320.630859375,,,,,,,11230.58203125,,,,,,,,,18363.873046875,,,,,,,16700.14453125,,,,,,,,,,,,,,,,,17839.001953125,,,,,,,18591.966796875
19306.783203125,,,,,,,11225.806640625,,,,,,,,,18353.802734375,,,,,,,16694.994140625,,,,,,,,,,,,,,,,,17834.09375,,,,,,,18577.4921875
19302.341796875,,,,,,,11251.107421875,,,,,,,,,18384.103515625,,,,,,,16699.67578125,,,,,,,,,,,,,,,,,17851.833984375,,,,,,,18601.482421875
19334.5,,,,,,,11251.796875,,,,,,,,,18382.16796875,,,,,,,16684.072265625,,,,,,,,,,,,,,,,,17861.87109375,,,,,,,18591.10546875
19319.595703125,,,,,,,11247.1533203125,,,,,,,,,18400.263671875,,,,,,,16722.625,,,,,,,,,,,,,,,,,17904.21875,,,,,,,18629.734375
19359.64453125,,,,,,,11250.810546875,,,,,,,,,18425.75390625,,,,,,,16682.93359375,,,,,,,,,,,,,,,,,17912.244140625,,,,,,,18615.533203125
19354.224609375,,,,,,,11269.6201171875,,,,,,,,,18427.2890625,,,,,,,16712.91796875,,,,,,,,,,,,,,,,,17921.857421875,,,,,,,18641.787109375
19369.751953125,,,,,,,11260.2265625,,,,,,,,,18463.28515625,,,,,,,16693.2578125,,,,,,,,,,,,,,,,,17932.060546875,,,,,,,18633.23046875
19384.9140625,,,,,,,11260.615234375,,,,,,,,,18454.91796875,,,,,,,16690.47265625,,,,,,,,,,,,,,,,,17932.193359375,,,,,,,18623.158203125
19383.43359375,,,,,,,11266.3642578125,,,,,,,,,18462.880859375,,,,,,,16684.61328125,,,,,,,,,,,,,,,,,17931.8359375,,,,,,,18623.048828125
19384.8359375,,,,,,,11252.138671875,,,,,,,,,18477.11328125,,,,,,,16713.140625,,,,,,,,,,,,,,,,,17968.642578125,,,,,,,18626.44921875
19412.4765625,,,,,,,11268.3359375,,,,,,,,,18501.966796875,,,,,,,16680.021484375,,,,,,,,,,,,,,,,,17988.36328125,,,,,,,18639.935546875
19418.919921875,,,,,,,11257.947265625,,,,,,,,,18507.79296875,,,,,,,16690.154296875,,,,,,,,,,,,,,,,,17990.341796875,,,,,,,18633.40234375
19401.341796875,,,,,,,11277.8359375,,,,,,,,,18502.275390625,,,,,,,16701.578125,,,,,,,,,,,,,,,,,17981.890625,,,,,,,18639.76953125
19441.07421875,,,,,,,11289.078125,,,,,,,,,18531.65234375,,,,,,,16726.630859375,,,,,,,,,,,,,,,,,17997.5859375,,,,,,,18678.8046875
19419.5703125,,,,,,,11275.2890625,,,,,,,,,18538.603515625,,,,,,,16712.40234375,,,,,,,,,,,,,,,,,18014.19140625,,,,,,,18671.828125
19450.880859375,,,,,,,11279.4052734375,,,,,,,,,18571.423828125,,,,,,,16719.62890625,,,,,,,,,,,,,,,,,18014.85546875,,,,,,,18671.3515625
19465.703125,,,,,,,11277.7734375,,,,,,,,,18553.240234375,,,,,,,16729.521484375,,,,,,,,,,,,,,,,,18034.19140625,,,,,,,18663.39453125
19469.12890625,,,,,,,11284.935546875,,,,,,,,,18558.072265625,,,,,,,16708.076171875,,,,,,,,,,,,,,,,,18013.357421875,,,,,,,18652.345703125
19456.84375,,,,,,,11284.685546875,,,,,,,,,18556.583984375,,,,,,,16722.017578125,,,,,,,,,,,,,,,,,18063.1171875,,,,,,,18658.62890625
19477.2734375,,,,,,,11273.12109375,,,,,,,,,18581.388671875,,,,,,,16743.88671875,,,,,,,,,,,,,,,,,18049.69140625,,,,,,,18656.783203125
19485.693359375,,,,,,,11264.248046875,,,,,,,,,18605.328125,,,,,,,16746.4375,,,,,,,,,,,,,,,,,18059.849609375,,,,,,,18675.171875
19502.2890625,,,,,,,11285.1279296875,,,,,,,,,18615.525390625,,,,,,,16757.384765625,,,,,,,,,,,,,,,,,18083.798828125,,,,,,,18688.3046875
19491.43359375,,,,,,,11293.9228515625,,,,,,,,,18647.5234375,,,,,,,16734.3671875,,,,,,,,,,,,,,,,,18120.654296875,,,,,,,18699.73046875
19503.26171875,,,,,,,11291.8642578125,,,,,,,,,18644.4296875,,,,,,,16758.46484375,,,,,,,,,,,,,,,,,18134.169921875,,,,,,,18702.001953125
19491.478515625,,,,,,,11274.1767578125,,,,,,,,,18640.08203125,,,,,,,16750.349609375,,,,,,,,,,,,,,,,,18118.287109375,,,,,,,18687.046875
19518.91015625,,,,,,,11283.37890625,,,,,,,,,18661.31640625,,,,,,,16732.875,,,,,,,,,,,,,,,,,18135.525390625,,,,,,,18698.9296875
19532.279296875,,,,,,,11287.900390625,,,,,,,,,18695.6015625,,,,,,,16746.0625,,,,,,,,,,,,,,,,,18143.4609375,,,,,,,18710.43359375
19538.955078125,,,,,,,11296.326171875,,,,,,,,,18695.49609375,,,,,,,16748.1015625,,,,,,,,,,,,,,,,,18153.81640625,,,,,,,18696.05078125
19537.865234375,,,,,,,11273.31640625,,,,,,,,,18725.609375,,,,,,,16743.509765625,,,,,,,,,,,,,,,,,18159.404296875,,,,,,,18698.73828125
19553.767578125,,,,,,,11295.1611328125,,,,,,,,,18716.712890625,,,,,,,16773.1484375,,,,,,,,,,,,,,,,,18172.2734375,,,,,,,18707.40234375
19553.435546875,,,,,,,11306.865234375,,,,,,,,,18741.28125,,,,,,,16754.015625,,,,,,,,,,,,,,,,,18198.1015625,,,,,,,18725.298828125
19561.578125,,,,,,,11297.57421875,,,,,,,,,18730.828125,,,,,,,16750.486328125,,,,,,,,,,,,,,,,,18201.888671875,,,,,,,18734.591796875
19553.962890625,,,,,,,11318.9697265625,,,,,,,,,18767.705078125,,,,,,,16766.392578125,,,,,,,,,,,,,,,,,18199.30859375,,,,,,,18749.556640625
19588.392578125,,,,,,,11318.728515625,,,,,,,,,18756.14453125,,,,,,,16763.248046875,,,,,,,,,,,,,,,,,18210.421875,,,,,,,18746.625
19575.328125,,,,,,,11323.4677734375,,,,,,,,,18757.73046875,,,,,,,16774.05859375,,,,,,,,,,,,,,,,,18225.759765625,,,,,,,18757.11328125
19595.478515625,,,,,,,11318.0283203125,,,,,,,,,18810.66796875,,,,,,,16768.96875,,,,,,,,,,,,,,,,,18239.685546875,,,,,,,18758.83984375
19593.177734375,,,,,,,11317.1328125,,,,,,,,,18816.7734375,,,,,,,16766.845703125,,,,,,,,,,,,,,,,,18266.41015625,,,,,,,18752.96875
19605.490234375,,,,,,,11329.728515625,,,,,,,,,18779.54296875,,,,,,,16752.3984375,,,,,,,,,,,,,,,,,18252.9375,,,,,,,18763.16015625
19623.68359375,,,,,,,11309.345703125,,,,,,,,,18827.732421875,,,,,,,16783.5234375,,,,,,,,,,,,,,,,,18278.87890625,,,,,,,18747.654296875
19621.71484375,,,,,,,11342.6728515625,,,,,,,,,18830.94921875,,,,,,,16761.478515625,,,,,,,,,,,,,,,,,18278.54296875,,,,,,,18752.74609375
19613.412109375,,,,,,,11310.3720703125,,,,,,,,,18851.318359375,,,,,,,16746.884765625,,,,,,,,,,,,,,,,,18309.453125,,,,,,,18764.9140625
19637.025390625,,,,,,,11324.060546875,,,,,,,,,18835.1640625,,,,,,,16761.845703125,,,,,,,,,,,,,,,,,18303.8828125,,,,,,,18747.962890625
19636.41796875,,,,,,,11331.3896484375,,,,,,,,,18854.5625,,,,,,,16766.232421875,,,,,,,,,,,,,,,,,18306.458984375,,,,,,,18780.60546875
19660.1640625,,,,,,,11341.7431640625,,,,,,,,,18873.978515625,,,,,,,16770.498046875,,,,,,,,,,,,,,,,,18341.587890625,,,,,,,18813.716796875
19646.8671875,,,,,,,11342.880859375,,,,,,,,,18887.59765625,,,,,,,16767.3515625,,,,,,,,,,,,,,,,,18336.2578125,,,,,,,18812.7265625
19677.984375,,,,,,,11325.0517578125,,,,,,,,,18897.5,,,,,,,16781.07421875,,,,,,,,,,,,,,,,,18340.9609375,,,,,,,18809.7421875
19669.7734375,,,,,,,11340.2587890625,,,,,,,,,18917.21875,,,,,,,16755.2109375,,,,,,,,,,,,,,,,,18374.345703125,,,,,,,18794.390625
19680.15625,,,,,,,11328.24609375,,,,,,,,,18921.279296875,,,,,,,16770.9921875,,,,,,,,,,,,,,,,,18394.716796875,,,,,,,18785.501953125
19676.3046875,,,,,,,11339.8115234375,,,,,,,,,18913.109375,,,,,,,16770.4921875,,,,,,,,,,,,,,,,,18407.73046875,,,,,,,18794.5859375
19670.111328125,,,,,,,11351.427734375,,,,,,,,,18922.0234375,,,,,,,16777.611328125,,,,,,,,,,,,,,,,,18405.41796875,,,,,,,18808.90234375
19713.203125,,,,,,,11352.287109375,,,,,,,,,18940.5078125,,,,,,,16785.08203125,,,,,,,,,,,,,,,,,18426.873046875,,,,,,,18817.69921875
19721.2109375,,,,,,,11340.767578125,,,,,,,,,18949.99609375,,,,,,,16787.63671875,,,,,,,,,,,,,,,,,18434.15234375,,,,,,,18848.529296875
19723.58984375,,,,,,,11350.59765625,,,,,,,,,18955.892578125,,,,,,,16777.783203125,,,,,,,,,,,,,,,,,18440.650390625,,,,,,,18836.365234375
19703.20703125,,,,,,,11352.6396484375,,,,,,,,,18953.7890625,,,,,,,16804.068359375,,,,,,,,,,,,,,,,,18460.78515625,,,,,,,18868.1015625
19712.3203125,,,,,,,11339.7265625,,,,,,,,,18995.8828125,,,,,,,16817.857421875,,,,,,,,,,,,,,,,,18480.42578125,,,,,,,18843.609375
